event,detId,x,y,z,width,isSeed,mip,modType
1,438838282,87,0,0,1,0,0,2
1,411612282,786,1,0,1,0,0,1
1,411612281,785,1,0,1,1,0,1
1,411337822,482,0,0,1,0,1,2
1,411337822,495,0,0,2,0,0,2
1,411337821,481,4,4,1,1,0,2
1,438838281,85,26,10,1,1,0,2
1,437788682,635,0,0,2,0,0,2
1,437788681,636,6,6,1,1,0,2
1,438838286,2,0,0,2,0,1,2
1,438571070,652,0,0,1,0,0,2
1,438571069,652,1,1,1,1,0,2
1,420000790,176,1,0,2,0,0,1
1,420000789,176,1,0,1,1,0,1
1,438838285,4,28,12,1,1,0,2
1,412136602,113,0,0,1,0,0,1
1,412136601,112,0,0,1,1,0,1
1,419726354,816,0,0,1,0,1,2
1,419726353,816,1,1,1,1,0,2
1,419726353,816,2,2,1,1,0,2
1,420525082,344,0,0,1,0,0,1
1,420525081,343,0,0,2,1,0,1
1,411866242,683,0,0,1,0,0,1
1,411866241,682,0,0,1,1,0,1
1,411341917,500,30,14,4,1,0,2
1,411341917,487,31,15,1,1,0,2
1,419730450,814,0,0,2,0,0,2
1,420254742,563,0,0,1,0,0,1
1,420254741,562,0,0,2,1,0,1
1,419730449,815,29,13,1,1,0,2
1,437523502,201,0,0,1,0,0,2
1,437523501,203,20,4,1,1,0,2
1,439889938,286,0,0,1,0,0,2
1,439889937,286,26,10,1,1,0,2
1,438570046,658,0,0,1,0,0,2
1,439616598,230,0,0,3,0,1,2
1,439616597,231,4,4,1,1,0,2
1,439616597,231,5,5,1,1,0,2
1,438570045,658,30,14,1,1,0,2
1,437787658,623,0,0,2,0,0,2
1,437787657,624,28,12,1,1,0,2
2,440166426,416,0,0,2,0,0,2
2,440166425,415,26,10,2,1,0,2
2,440146990,326,0,0,2,0,1,2
2,440146989,327,5,5,1,1,0,2
2,438046746,231,0,0,2,0,1,2
2,438046745,234,1,1,2,1,0,2
2,441197626,468,1,0,2,0,0,1
2,441197625,470,1,0,1,1,0,1
2,442248250,629,1,0,2,0,0,1
2,442248249,632,1,0,2,1,0,1
2,443298878,656,0,0,2,0,0,1
2,443298877,659,0,0,1,1,0,1
2,438055950,597,0,0,1,0,0,2
2,441223214,885,1,0,1,0,0,1
2,441223213,882,1,0,1,1,0,1
2,438055949,597,30,14,2,1,0,2
2,438055954,359,0,0,2,0,0,2
2,438055953,360,0,0,1,1,0,2
2,442281006,450,1,0,1,0,0,1
2,442281005,448,1,0,1,1,0,1
2,439096354,500,0,0,1,0,0,2
2,439109654,547,0,0,1,0,0,2
2,439109654,136,0,0,1,0,1,2
2,439096353,501,19,3,1,1,0,2
2,439109653,133,17,1,2,1,0,2
3,438576178,241,0,0,1,0,1,2
3,438576177,239,13,13,1,1,0,2
3,438576177,239,14,14,1,1,0,2
3,441211922,564,0,0,2,0,0,1
3,441211921,563,0,0,2,1,0,1
3,437527590,111,0,0,1,0,0,2
3,439622726,127,0,0,2,0,1,2
3,437527589,113,31,15,1,1,0,2
3,439622725,126,27,11,1,1,0,2
3,419751186,734,1,0,1,0,0,1
3,419751185,736,1,0,1,1,0,1
3,439884942,611,0,0,1,0,1,2
3,437528614,136,0,0,1,0,0,2
3,437528613,137,8,8,2,1,0,2
3,439884941,612,23,7,1,1,0,2
3,438835302,474,0,0,1,0,1,2
3,438835301,474,9,9,2,1,0,2
3,411366542,995,1,0,1,0,0,1
3,411366541,983,1,0,2,1,0,1
3,441235546,477,1,0,2,0,0,1
3,441235545,478,1,0,2,1,0,1
3,411366546,895,0,0,1,0,0,1
3,411366545,895,0,0,2,1,0,1
3,411366546,929,1,0,6,0,0,1
3,411366545,925,1,0,2,1,0,1
3,437785670,916,0,0,1,0,0,2
3,442266634,950,0,0,1,0,0,1
3,442266633,949,0,0,2,1,0,1
3,437785669,912,23,7,1,1,0,2
3,437785674,905,0,0,1,0,0,2
3,437785673,910,22,6,1,1,0,2
3,442295394,367,1,0,2,0,0,1
3,442295393,369,1,0,1,1,0,1
4,439887886,89,0,0,5,0,0,2
4,419697681,845,1,1,3,1,0,2
4,419697681,789,12,12,1,1,0,2
4,442287186,349,0,0,3,0,0,1
4,442287185,352,0,0,1,1,0,1
4,439887885,46,20,4,4,1,0,2
4,437782590,643,0,0,1,0,1,2
4,443313166,549,1,0,1,0,0,1
4,443313165,546,1,0,1,1,0,1
4,439626806,538,0,0,3,0,1,2
4,439626805,539,4,4,1,1,0,2
4,437782589,642,16,0,2,1,0,2
4,439887889,157,30,14,5,1,0,2
4,437782594,778,0,0,1,0,1,2
4,439879802,614,0,0,2,0,1,2
4,420222058,867,0,0,3,0,1,2
4,420222057,847,15,15,3,1,0,2
4,442258454,790,1,0,3,0,0,1
4,442258453,789,1,0,1,1,0,1
4,437529626,146,0,0,1,0,1,2
4,420500486,340,0,0,4,0,1,2
4,420500486,845,0,0,1,0,0,2
4,420500485,299,14,14,3,1,0,2
4,437782593,774,24,8,1,1,0,2
4,439879801,615,31,15,1,1,0,2
4,438841362,725,0,0,3,0,1,2
4,438841361,677,5,5,4,1,0,2
4,437529625,142,19,3,1,1,0,2
4,419742761,830,1,0,1,1,0,1
4,438578214,531,0,0,1,0,1,2
4,442252381,732,1,0,4,1,0,1
4,441205785,414,1,0,2,1,0,1
4,438578213,529,19,3,2,1,0,2
4,439880826,599,0,0,1,0,0,2
4,439880825,600,2,2,1,1,0,2
4,441205790,604,0,0,2,0,0,1
4,441205789,602,0,0,2,1,0,1
4,443349082,932,0,0,2,0,0,1
4,443349081,936,0,0,2,1,0,1
4,439881870,814,0,0,2,0,0,2
4,438831194,809,0,0,2,0,1,2
4,438831193,812,14,14,2,1,0,2
4,439881869,792,31,15,3,1,0,2
4,438832221,947,13,13,2,1,0,2
4,439882894,403,0,0,2,0,0,2
4,439882893,376,10,10,3,1,0,2
4,441229386,789,1,0,2,0,0,1
4,441229385,792,1,0,1,1,0,1
5,441213006,880,0,0,2,0,0,1
5,441213005,880,0,0,2,1,0,1
5,443287562,508,0,0,1,0,0,1
5,443287561,506,0,0,1,1,0,1
5,441210962,71,1,0,1,0,0,1
5,438577158,80,0,0,2,0,0,2
5,438577157,82,11,11,1,1,0,2
5,441189398,875,1,0,2,0,0,1
5,441189397,873,1,0,1,1,0,1
5,437528650,26,0,0,1,0,1,2
5,437528649,22,14,14,1,1,0,2
5,441189402,146,0,0,2,0,0,1
5,437528582,31,0,0,2,0,1,2
5,437528581,34,13,13,2,1,0,2
5,437782566,835,0,0,1,0,1,2
5,437782565,833,12,12,1,1,0,2
5,439880782,837,0,0,1,0,1,2
5,439880781,839,10,10,2,1,0,2
5,439624710,318,0,0,1,0,1,2
5,443324510,43,0,0,3,0,0,1
5,443324509,46,0,0,2,1,0,1
5,439624709,316,21,5,1,1,0,2
5,438831158,738,0,0,2,0,0,2
5,438831157,738,17,1,1,1,0,2
5,442238994,919,0,0,1,0,0,1
5,442238993,918,0,0,1,1,0,1
5,442267730,455,1,0,2,0,0,1
5,442267729,457,1,0,1,1,0,1
5,442267734,553,0,0,2,0,0,1
5,441213002,133,1,0,1,0,0,1
6,439620722,118,0,0,1,0,0,2
6,439620721,117,9,9,1,1,0,2
6,437526586,839,0,0,1,0,1,2
6,437526585,840,15,15,1,1,0,2
6,441226246,357,1,0,1,0,0,1
6,441226245,354,1,0,1,1,0,1
6,420013110,735,1,0,2,0,0,1
6,420013109,738,1,0,2,1,0,1
6,411624670,610,0,0,1,0,0,1
6,411624669,613,0,0,2,1,0,1
6,419742766,973,0,0,1,0,0,1
6,419742765,975,0,0,1,1,0,1
6,438836250,715,0,0,1,0,0,2
6,438836249,717,11,11,2,1,0,2
6,419742770,941,0,0,2,0,0,1
6,419742769,945,0,0,1,1,0,1
6,437786642,283,0,0,1,0,1,2
6,437786641,283,12,12,1,1,0,2
6,411354298,838,0,0,1,0,0,1
6,411354297,839,0,0,2,1,0,1
6,441198690,402,0,0,3,0,0,1
6,441198690,417,0,0,3,0,0,1
6,441198690,433,0,0,2,0,0,1
6,441198689,410,0,0,2,1,0,1
6,441198689,436,0,0,2,1,0,1
6,438574162,889,0,0,1,0,1,2
6,438574161,889,12,12,1,1,0,2
6,439886882,493,0,0,2,0,0,2
6,439886881,495,14,14,2,1,0,2
6,411358406,147,1,0,1,0,0,1
6,411358405,149,1,0,1,1,0,1
7,439883910,941,0,0,1,0,1,2
7,441206794,567,0,0,2,0,0,1
7,441206793,569,0,0,2,1,0,1
7,439883909,941,28,12,2,1,0,2
7,441232474,361,1,0,1,0,0,1
7,441232473,359,1,0,1,1,0,1
7,439883906,926,0,0,1,0,0,2
7,438834270,649,0,0,2,0,0,2
7,438834269,648,8,8,1,1,0,2
7,439883905,924,31,15,1,1,0,2
7,439884934,948,0,0,2,0,0,2
7,439884933,949,2,2,1,1,0,2
7,437783618,354,0,0,1,0,1,2
7,437783617,352,27,11,2,1,0,2
7,438573098,658,0,0,2,0,1,2
7,438573097,660,27,11,1,1,0,2
7,411628654,385,1,0,1,0,0,1
7,411628653,383,1,0,1,1,0,1
7,437784642,337,0,0,2,0,1,2
7,437784641,335,6,6,1,1,0,2
7,437784641,340,6,6,1,1,0,2
7,419751170,462,1,0,2,0,0,1
7,419751169,461,1,0,1,1,0,1
7,437785666,338,0,0,1,0,0,2
7,437785665,337,6,6,2,1,0,2
7,437525534,464,0,0,1,0,0,2
7,411358302,409,1,0,1,0,0,1
7,411358301,408,1,0,1,1,0,1
7,437525533,465,18,2,1,1,0,2
7,437786690,341,0,0,2,0,0,2
7,437786689,344,6,6,3,1,0,2
7,439620666,302,0,0,1,0,1,2
7,439620665,303,3,3,1,1,0,2
8,439621750,916,0,0,2,0,0,2
8,437526586,85,0,0,1,0,1,2
8,439621749,919,20,4,2,1,0,2
8,441226254,920,0,0,2,0,0,1
8,441226253,922,0,0,2,1,0,1
8,437526585,83,26,10,1,1,0,2
8,441204826,832,0,0,1,0,0,1
8,441204825,830,0,0,1,1,0,1
8,437527610,115,0,0,1,0,1,2
8,437527609,113,2,2,1,1,0,2
8,419751006,786,0,0,1,0,0,1
8,419751005,782,0,0,2,1,0,1
8,411362522,98,0,0,2,0,0,1
8,411362521,96,0,0,1,1,0,1
8,438834210,315,0,0,1,0,1,2
8,438834209,313,14,14,2,1,0,2
8,411362525,2,0,0,2,1,0,1
8,411362526,6,1,0,1,0,0,1
8,439884850,336,0,0,1,0,0,2
8,439884849,335,3,3,1,1,0,2
8,438575190,47,0,0,2,0,1,2
8,438575189,50,7,7,2,1,0,2
8,437784602,700,0,0,1,0,0,2
8,437784601,701,20,4,1,1,0,2
8,437527614,2,0,0,2,0,0,2
8,437527613,8,0,0,2,1,0,2
8,438575186,14,0,0,1,0,0,2
8,438575185,13,8,8,2,1,0,2
8,442257506,759,1,0,1,0,0,1
8,442257505,756,1,0,1,1,0,1
9,438571094,32,0,0,1,0,1,2
9,438571093,35,14,14,1,1,0,2
9,437788698,786,0,0,2,0,0,2
9,437788697,788,5,5,1,1,0,2
9,438838306,448,0,0,1,0,1,2
9,439616626,935,0,0,2,0,0,2
9,438838305,447,21,5,1,1,0,2
9,420000834,478,1,0,5,0,0,1
9,420000833,481,1,0,1,1,0,1
9,438571090,16,0,0,1,0,0,2
9,438571089,15,15,15,1,1,0,2
9,411612322,441,0,0,1,0,0,1
9,411612321,440,0,0,1,1,0,1
9,419722285,597,0,0,2,1,0,2
9,419722285,616,0,0,2,1,0,2
9,420525142,920,0,0,1,0,0,1
9,420525141,918,0,0,1,1,0,1
9,411341950,539,0,0,2,0,0,2
9,411341949,538,11,11,1,1,0,2
9,419730482,188,0,0,1,0,0,2
9,419730481,185,19,3,2,1,0,2
9,439889970,111,0,0,1,0,1,2
9,439889970,169,0,0,7,0,1,2
9,439616630,887,0,0,2,0,0,2
9,439889969,111,19,3,1,1,0,2
9,439889969,155,21,5,2,1,0,2
9,439889969,172,22,6,1,1,0,2
9,437524538,123,0,0,1,0,0,2
9,437524538,133,0,0,2,0,1,2
9,437524537,122,9,9,1,1,0,2
9,439616629,889,21,5,1,1,0,2
9,412140778,764,1,0,3,0,0,1
9,412140777,763,1,0,2,1,0,1
9,420529249,668,1,0,1,1,0,1
9,411870406,488,1,0,2,0,0,1
9,411870405,487,1,0,1,1,0,1
9,420258898,639,1,0,1,0,0,1
9,420258897,638,1,0,1,1,0,1
9,437787674,763,0,0,1,0,1,2
9,437787673,764,28,12,1,1,0,2
10,411599882,99,0,0,2,0,1,2
10,411599881,101,22,6,1,1,0,2
10,437788714,338,0,0,1,0,1,2
10,419988570,655,0,0,1,0,1,2
10,419988569,656,4,4,1,1,0,2
10,411599886,9,0,0,1,0,0,2
10,437788713,338,29,13,1,1,0,2
10,420250738,401,1,0,1,0,0,1
10,420250737,401,1,0,1,1,0,1
10,411599885,9,25,9,1,1,0,2
10,411862030,590,1,0,1,0,0,1
10,411862029,591,1,0,1,1,0,1
10,420787346,182,0,0,1,0,0,1
10,420787345,182,0,0,1,1,0,1
10,437789738,326,0,0,1,0,0,2
10,437789737,325,4,4,1,1,0,2
10,412398610,325,1,0,1,0,0,1
10,412398609,326,1,0,1,1,0,1
10,437522438,735,0,0,1,0,1,2
10,437522437,733,7,7,1,1,0,2
10,419992666,646,0,0,1,0,1,2
10,419992665,647,30,14,1,1,0,2
10,420516986,376,0,0,1,0,0,1
10,420516985,376,0,0,1,1,0,1
10,412128270,902,0,0,2,0,0,1
10,412128269,903,0,0,1,1,0,1
10,438568970,744,0,0,1,0,1,2
10,438568969,745,6,6,1,1,0,2
10,411329546,464,0,0,1,0,1,2
10,438840378,94,0,0,2,0,1,2
10,438840377,93,8,8,1,1,0,2
10,411329545,465,24,8,1,1,0,2
10,419718218,874,0,0,1,0,1,2
10,419718217,876,9,9,1,1,0,2
11,440145938,950,0,0,2,0,1,2
11,443299878,632,0,0,1,0,0,1
11,443299877,627,0,0,1,1,0,1
11,440145937,947,21,5,1,1,0,2
11,438045706,548,0,0,2,0,1,2
11,438045705,546,14,14,1,1,0,2
11,440163374,270,0,0,2,0,0,2
11,440163373,271,14,14,2,1,0,2
11,438054934,637,0,0,2,0,1,2
11,438054933,640,19,3,2,1,0,2
11,441219130,144,1,0,2,0,0,1
11,441219129,146,1,0,2,1,0,1
11,439095310,217,0,0,2,0,1,2
11,442274878,847,0,0,2,0,0,1
11,442274877,850,0,0,2,1,0,1
11,439095309,215,24,8,1,1,0,2
11,443333698,967,0,0,5,0,0,1
11,443333697,961,0,0,2,1,0,1
11,443333697,964,0,0,2,1,0,1
11,443333697,978,0,0,2,1,0,1
11,443333697,991,0,0,3,1,0,1
11,443333697,998,0,0,3,1,0,1
11,439108642,176,0,0,2,0,0,2
11,439108641,178,19,3,2,1,0,2
11,440146962,17,0,0,1,0,1,2
11,442248234,686,0,0,1,0,0,1
11,442248233,682,0,0,2,1,0,1
11,440146961,16,25,9,2,1,0,2
11,441197610,893,1,0,1,0,0,1
11,441197609,891,1,0,1,1,0,1
11,443332674,127,0,0,2,0,0,1
11,443332673,131,0,0,2,1,0,1
12,439616650,673,0,0,1,0,1,2
12,420525182,276,0,0,1,0,0,1
12,420525181,275,0,0,1,1,0,1
12,439616649,673,21,5,1,1,0,2
12,438838322,624,0,0,1,0,1,2
12,420258934,352,1,0,2,0,0,1
12,420258933,352,1,0,1,1,0,1
12,438571110,57,0,0,1,0,1,2
12,411612354,187,0,0,1,0,0,1
12,411612353,187,0,0,1,1,0,1
12,438571109,59,17,1,1,1,0,2
12,411341974,818,0,0,1,0,0,2
12,411341973,818,10,10,1,1,0,2
12,411341973,818,11,11,1,1,0,2
12,412136702,263,0,0,1,0,0,1
12,412136701,262,0,0,1,1,0,1
12,419726410,424,0,0,1,0,1,2
12,419726410,442,0,0,4,0,1,2
12,419726409,423,1,1,1,1,0,2
12,439889990,681,0,0,1,0,0,2
12,439889989,681,24,8,1,1,0,2
12,420000862,874,1,0,2,0,0,1
12,420000861,873,1,0,1,1,0,1
12,419730506,433,0,0,1,0,1,2
12,419730505,432,28,12,1,1,0,2
12,419730505,430,29,13,1,1,0,2
12,420254822,808,0,0,1,0,0,1
12,420254821,807,0,0,1,1,0,1
12,412140826,423,1,0,1,0,0,1
12,412140825,422,1,0,1,1,0,1
12,437524550,637,0,0,2,0,0,2
12,437524549,627,11,11,2,1,0,2
12,437524549,635,11,11,1,1,0,2
12,437524549,637,11,11,1,1,0,2
12,437524549,642,11,11,1,1,0,2
12,437524549,642,12,12,1,1,0,2
12,411870446,743,1,0,2,0,0,1
12,411870445,743,1,0,1,1,0,1
12,437788706,197,0,0,2,0,1,2
12,437788705,195,12,12,2,1,0,2
13,411309126,24,0,0,1,0,1,2
13,411309125,22,23,7,2,1,0,2
13,419959834,235,0,0,1,0,1,2
13,419959833,234,9,9,1,1,0,2
13,411309122,141,0,0,2,0,0,2
13,411833438,341,0,0,1,0,1,2
13,411833437,341,13,13,1,1,0,2
13,437519422,335,0,0,1,0,1,2
13,437519421,336,1,1,1,1,0,2
13,411309121,143,20,4,1,1,0,2
13,411575378,781,0,0,1,0,0,2
13,411575377,781,18,2,1,1,0,2
13,420221990,164,0,0,2,0,0,2
13,420221989,165,30,14,1,1,0,2
13,420758570,776,0,0,2,0,0,2
13,420758569,776,13,13,1,1,0,2
13,420758569,765,14,14,3,1,0,2
13,420758569,776,14,14,2,1,0,2
13,412103786,440,0,0,2,0,1,2
13,412103785,441,22,6,1,1,0,2
13,420488230,87,0,0,2,0,0,2
13,420488229,88,11,11,1,1,0,2
13,412374134,721,0,0,2,0,0,2
13,412374133,722,25,9,1,1,0,2
14,419726362,790,0,0,1,0,1,2
14,412361842,156,0,0,1,0,1,2
14,412361841,156,18,2,2,1,0,2
14,420746298,557,0,0,1,0,0,2
14,420746297,558,6,6,1,1,0,2
15,420009106,636,1,0,2,0,0,1
15,420009105,637,1,0,2,1,0,1
15,411350034,206,0,0,1,0,0,1
15,411350033,207,0,0,1,1,0,1
15,419738742,803,0,0,1,0,0,1
15,419738741,803,0,0,1,1,0,1
15,438572042,202,0,0,1,0,1,2
15,438572041,200,30,14,1,1,0,2
15,439618578,63,0,0,1,0,1,2
15,438573066,236,0,0,1,0,1,2
15,438573065,234,4,4,1,1,0,2
15,439618577,63,20,4,1,1,0,2
15,437786670,120,0,0,2,0,1,2
15,437786669,123,26,10,2,1,0,2
15,439887958,445,0,0,3,0,1,2
15,439887957,447,13,13,1,1,0,2
15,439887957,438,14,14,3,1,0,2
15,411878426,152,1,0,1,0,0,1
15,411878425,153,1,0,2,1,0,1
15,438837310,496,0,0,2,0,0,2
15,438837309,497,5,5,1,1,0,2
15,437525514,730,0,0,1,0,1,2
15,437525513,731,11,11,2,1,0,2
15,420267178,223,1,0,1,0,0,1
15,420267177,224,1,0,1,1,0,1
15,411620374,781,1,0,1,0,0,1
15,411620373,782,1,0,1,1,0,1
15,411620373,791,1,0,4,1,0,1
16,440170518,863,0,0,2,0,0,2
16,440170517,864,10,10,1,1,0,2
16,438057998,714,0,0,1,0,0,2
16,442287146,616,0,0,1,0,0,1
16,442287145,615,0,0,1,1,0,1
16,439099434,332,0,0,1,0,1,2
16,438057997,716,21,5,1,1,0,2
16,439099433,333,25,9,2,1,0,2
16,440151098,543,0,0,2,0,0,2
16,440151097,544,2,2,1,1,0,2
16,443349030,435,0,0,1,0,0,1
16,443349029,433,0,0,1,1,0,1
16,437781530,850,0,0,2,0,0,2
16,437781529,855,6,6,1,1,0,2
16,441228330,284,1,0,1,0,0,1
16,441228329,282,1,0,1,1,0,1
16,441202754,190,0,0,2,0,0,1
16,441202753,191,0,0,1,1,0,1
16,442254402,0,1,0,2,0,0,1
16,442254401,1,1,0,1,1,0,1
16,439112722,560,0,0,1,0,0,2
16,443308102,157,1,0,2,0,0,1
16,443308101,160,1,0,1,1,0,1
16,439112721,559,20,4,1,1,0,2
16,438048798,778,0,0,2,0,0,2
16,438048797,782,27,11,2,1,0,2
17,437527622,376,0,0,2,0,0,2
17,437527621,377,8,8,1,1,0,2
17,438833198,450,0,0,1,0,1,2
17,438833197,450,11,11,4,1,0,2
17,439622794,375,0,0,2,0,0,2
17,439622793,375,14,14,1,1,0,2
17,437783586,672,0,0,2,0,0,2
17,437783585,674,18,2,1,1,0,2
17,441234450,561,0,0,2,0,0,1
17,441234449,561,0,0,1,1,0,1
17,442262622,334,0,0,2,0,0,1
17,442262621,336,0,0,2,1,0,1
17,411366682,115,0,0,2,0,0,1
17,411366681,117,0,0,1,1,0,1
17,438575202,292,0,0,1,0,1,2
17,442294278,569,1,0,2,0,0,1
17,442294277,568,1,0,2,1,0,1
17,441208914,328,1,0,5,0,0,1
17,441208914,335,1,0,1,0,0,1
17,441208914,348,1,0,5,0,0,1
17,441208913,348,1,0,2,1,0,1
17,438575201,290,23,7,2,1,0,2
17,439882814,82,0,0,1,0,1,2
17,439882813,81,19,3,2,1,0,2
18,439878782,310,0,0,2,0,0,2
18,439113774,153,0,0,1,0,1,2
18,439113773,152,3,3,1,1,0,2
18,437529630,350,0,0,2,0,0,2
18,437529629,351,6,6,1,1,0,2
18,439626810,386,0,0,1,0,1,2
18,439626809,385,6,6,1,1,0,2
18,440171582,299,0,0,1,0,1,2
18,440171581,299,16,0,2,1,0,2
18,438578218,714,0,0,1,0,1,2
18,438578217,714,15,15,2,1,0,2
18,438059038,708,0,0,2,0,0,2
18,438059037,712,3,3,2,1,0,2
18,441206814,832,1,0,1,0,0,1
18,441206813,830,1,0,1,1,0,1
18,441230406,599,1,0,1,0,0,1
18,441230405,600,1,0,2,1,0,1
18,442289226,546,1,0,2,0,0,1
18,442289225,548,1,0,2,1,0,1
18,443315218,509,1,0,2,0,0,1
18,443315217,507,1,0,1,1,0,1
18,442260506,651,0,0,1,0,0,1
18,442260505,649,0,0,2,1,0,1
18,443351122,589,1,0,2,0,0,1
18,443351121,592,1,0,2,1,0,1
19,440173594,202,0,0,2,0,1,2
19,441232414,655,1,0,4,0,0,1
19,441232414,726,1,0,2,0,0,1
19,440173593,204,20,4,2,1,0,2
19,441209914,543,0,0,1,0,0,1
19,441209913,541,0,0,1,1,0,1
19,441232422,641,0,0,3,0,0,1
19,441232422,796,0,0,2,0,0,1
19,441232421,670,0,0,6,1,0,1
19,441232421,722,0,0,2,1,0,1
19,441232421,741,0,0,4,1,0,1
19,441232421,746,0,0,4,1,0,1
19,441232421,759,0,0,6,1,0,1
19,441232421,769,0,0,3,1,0,1
19,441232421,774,0,0,4,1,0,1
19,438059022,100,0,0,2,0,0,2
19,443354158,144,0,0,1,0,0,1
19,443354157,148,0,0,2,1,0,1
19,440156202,287,0,0,1,0,1,2
19,440156201,286,15,15,1,1,0,2
19,438059021,97,19,3,1,1,0,2
19,438059021,97,20,4,1,1,0,2
19,441232422,611,1,0,2,0,0,1
19,441232422,807,1,0,1,0,0,1
19,441232421,625,1,0,4,1,0,1
19,441232421,794,1,0,2,1,0,1
19,441232426,207,0,0,3,0,0,1
19,441232426,382,0,0,4,0,0,1
19,441232425,192,0,0,1,1,0,1
19,441232425,401,0,0,3,1,0,1
19,438050838,685,0,0,1,0,1,2
19,438050837,686,13,13,2,1,0,2
19,441232426,443,1,0,4,0,0,1
19,441232425,457,1,0,3,1,0,1
19,438060046,916,0,0,2,0,0,2
19,438060045,922,17,1,2,1,0,2
19,441232430,486,0,0,2,0,0,1
19,441232430,883,0,0,1,0,0,1
19,441232429,491,0,0,2,1,0,1
19,441232429,878,0,0,1,1,0,1
19,443320378,992,1,0,1,0,0,1
19,443320377,989,1,0,1,1,0,1
19,441232430,475,1,0,2,0,0,1
19,441232430,915,1,0,1,0,0,1
19,441232429,478,1,0,2,1,0,1
19,441232429,909,1,0,1,1,0,1
19,442291246,716,1,0,2,0,0,1
19,442291245,719,1,0,2,1,0,1
19,439102494,426,0,0,2,0,1,2
19,439114774,41,0,0,2,0,1,2
19,439114773,40,3,3,2,1,0,2
19,439115798,894,0,0,2,0,0,2
19,439115797,897,6,6,2,1,0,2
19,439102493,425,29,13,1,1,0,2
19,442263610,235,1,0,1,0,0,1
19,442263609,231,1,0,1,1,0,1
19,443319354,72,1,0,1,0,0,1
19,443319353,67,1,0,1,1,0,1
20,437527618,437,0,0,1,0,1,2
20,437527617,437,4,4,1,1,0,2
20,439620738,424,0,0,1,0,1,2
20,439620737,425,29,13,1,1,0,2
20,441231370,338,1,0,2,0,0,1
20,441231369,339,1,0,1,1,0,1
20,441207906,394,0,0,2,0,0,1
20,441207905,393,0,0,1,1,0,1
20,420013170,550,0,0,1,0,0,1
20,420013169,549,0,0,1,1,0,1
20,439621762,444,0,0,1,0,0,2
20,439621761,445,0,0,1,1,0,2
20,438835242,322,0,0,1,0,0,2
20,438835241,321,31,15,1,1,0,2
20,439885882,919,0,0,1,0,1,2
20,437786654,652,0,0,2,0,0,2
20,437786653,650,8,8,2,1,0,2
20,438836266,294,0,0,1,0,1,2
20,438836265,293,1,1,1,1,0,2
20,439885881,917,30,14,1,1,0,2
20,411628806,801,1,0,1,0,0,1
20,411628805,800,1,0,1,1,0,1
20,439885886,932,0,0,2,0,0,2
20,438574174,388,0,0,1,0,1,2
20,438574173,389,26,10,1,1,0,2
20,439885885,933,29,13,1,1,0,2
20,411358430,716,0,0,2,0,0,1
20,411358429,716,0,0,1,1,0,1
20,438837290,285,0,0,4,0,1,2
20,420017270,930,1,0,2,0,0,1
20,420017269,929,1,0,1,1,0,1
20,437526594,438,0,0,1,0,1,2
20,437526593,438,26,10,2,1,0,2
20,419746918,290,1,0,1,0,0,1
20,419746917,289,1,0,1,1,0,1
21,440152106,647,0,0,1,0,1,2
21,438057994,767,0,0,2,0,0,2
21,443352106,827,0,0,1,0,0,1
21,443352105,825,0,0,1,1,0,1
21,440152105,647,26,10,2,1,0,2
21,438057993,764,20,4,1,1,0,2
21,439100450,150,0,0,2,0,0,2
21,439100449,153,1,1,1,1,0,2
21,439113746,450,0,0,2,0,0,2
21,439113745,450,4,4,1,1,0,2
21,443310142,379,0,0,1,0,0,1
21,443310141,381,0,0,2,1,0,1
21,438048790,340,0,0,1,0,0,2
21,438048789,338,8,8,2,1,0,2
21,441204794,703,0,0,2,0,0,1
21,441204793,705,0,0,2,1,0,1
21,442289194,468,1,0,1,0,0,1
21,442289193,466,1,0,2,1,0,1
21,442256442,191,1,0,2,0,0,1
21,442256441,192,1,0,2,1,0,1
21,440171542,642,0,0,1,0,1,2
21,440171541,641,10,10,2,1,0,2
21,441230382,426,0,0,1,0,0,1
21,441230381,425,0,0,1,1,0,1
22,420750450,352,0,0,1,0,1,2
22,412361786,143,0,0,1,0,0,2
22,420750449,345,31,15,1,1,0,2
22,420750449,352,31,15,1,1,0,2
22,412361785,144,29,13,1,1,0,2
22,420746354,330,0,0,1,0,1,2
22,420746354,339,0,0,2,0,1,2
22,420746354,352,0,0,1,0,1,2
22,420746353,352,5,5,1,1,0,2
22,412357690,138,0,0,1,0,0,2
22,412357689,139,3,3,1,1,0,2
23,440147998,781,0,0,2,0,1,2
23,440147997,783,11,11,1,1,0,2
23,439110694,774,0,0,2,0,1,2
23,439110693,775,15,15,1,1,0,2
23,443299886,920,0,0,1,0,0,1
23,443299885,921,0,0,2,1,0,1
23,438046738,412,0,0,1,0,1,2
23,438046737,413,23,7,2,1,0,2
23,440166450,707,0,0,2,0,0,2
23,440166449,706,4,4,1,1,0,2
23,443341886,431,1,0,1,0,0,1
23,443341885,429,1,0,1,1,0,1
23,442281022,869,0,0,1,0,0,1
23,442281021,867,0,0,1,1,0,1
23,442249262,291,1,0,2,0,0,1
23,442249261,293,1,0,2,1,0,1
23,441198642,716,0,0,1,0,0,1
23,441198641,717,0,0,2,1,0,1
23,438055962,519,0,0,2,0,0,2
23,438055961,518,28,12,2,1,0,2
23,439096346,820,0,0,1,0,1,2
23,439096345,819,1,1,1,1,0,2
23,438055966,442,0,0,2,0,0,2
23,438055965,441,1,1,1,1,0,2
23,441224254,291,0,0,2,0,0,1
23,441224253,290,0,0,2,1,0,1
24,439625866,625,0,0,1,0,1,2
24,439625865,623,18,2,2,1,0,2
24,439878718,22,0,0,1,0,0,2
24,437781538,632,0,0,1,0,0,2
24,437781537,634,7,7,1,1,0,2
24,439878717,22,22,6,1,1,0,2
24,437528646,474,0,0,2,0,1,2
24,439878722,13,0,0,2,0,0,2
24,443317334,403,0,0,2,0,0,1
24,443317333,406,0,0,2,1,0,1
24,437528645,474,26,10,1,1,0,2
24,439878721,16,23,7,2,1,0,2
24,438578274,161,0,0,1,0,1,2
24,438578273,158,2,2,2,1,0,2
24,443359246,242,1,0,2,0,0,1
24,443359245,240,1,0,2,1,0,1
24,438050846,596,0,0,2,0,1,2
24,442262606,342,0,0,2,0,0,1
24,442262605,344,0,0,2,1,0,1
24,438050845,598,16,0,2,1,0,2
24,442295318,94,1,0,1,0,0,1
24,442295317,93,1,0,1,1,0,1
24,441234458,159,1,0,2,0,0,1
24,441234457,157,1,0,1,1,0,1
24,438830126,509,0,0,1,0,0,2
24,438830125,510,8,8,1,1,0,2
24,441208902,713,1,0,2,0,0,1
24,441208901,714,1,0,2,1,0,1
25,443362382,402,0,0,2,0,0,1
25,443362381,404,0,0,2,1,0,1
25,440176702,210,0,0,3,0,0,2
25,440176702,216,0,0,5,0,0,2
25,440176702,229,0,0,1,0,1,2
25,440176702,249,0,0,2,0,0,2
25,440176701,249,2,2,2,1,0,2
25,440159238,728,0,0,1,0,1,2
25,440159237,728,29,13,1,1,0,2
25,438051846,227,0,0,2,0,1,2
25,438051845,210,2,2,2,1,0,2
25,438051845,212,3,3,3,1,0,2
25,438051845,224,3,3,1,1,0,2
25,438051845,229,3,3,1,1,0,2
25,437530662,783,0,0,1,0,1,2
25,440159241,230,0,0,1,1,0,2
25,441237570,590,1,0,2,0,0,1
25,441237569,591,1,0,2,1,0,1
25,437530661,779,28,12,2,1,0,2
25,442268702,294,1,0,1,0,0,1
25,442268701,293,1,0,2,1,0,1
25,442268706,723,0,0,1,0,0,1
25,442268705,722,0,0,1,1,0,1
25,438061086,331,0,0,1,0,1,2
25,438061085,330,9,9,1,1,0,2
25,439117866,492,0,0,1,0,1,2
25,441213986,773,1,0,1,0,0,1
25,441213985,772,1,0,2,1,0,1
25,439117865,492,25,9,2,1,0,2
25,443325466,574,1,0,1,0,0,1
25,443325465,573,1,0,1,1,0,1
25,439104518,254,0,0,1,0,1,2
25,439104517,252,17,1,1,1,0,2
25,442297414,1006,1,0,1,0,0,1
25,442297413,1006,1,0,1,1,0,1
26,441191502,19,0,0,1,0,0,1
26,441191501,19,0,0,1,1,0,1
26,439626830,53,0,0,1,0,1,2
26,439626829,53,31,15,1,1,0,2
26,441190474,23,1,0,1,0,0,1
26,441190473,20,1,0,2,1,0,1
26,437782534,431,0,0,2,0,0,2
26,441215006,18,1,0,2,0,0,1
26,441215005,21,1,0,2,1,0,1
26,437782533,431,27,11,1,1,0,2
26,438052870,618,0,0,2,0,1,2
26,438052869,621,8,8,1,1,0,2
26,437530666,652,0,0,2,0,0,2
26,439627854,61,0,0,2,0,1,2
26,439627853,61,3,3,1,1,0,2
26,437783557,432,0,0,1,1,0,2
26,437783557,434,0,0,1,1,0,2
26,439880714,531,0,0,3,0,1,2
26,439880714,535,0,0,1,0,0,2
26,439880714,551,0,0,1,0,1,2
26,439880713,530,8,8,1,1,0,2
26,437530665,654,18,2,2,1,0,2
26,443289690,640,0,0,1,0,0,1
26,443289689,638,0,0,1,1,0,1
26,442268698,41,0,0,2,0,0,1
26,442268697,41,0,0,2,1,0,1
26,438579258,577,0,0,1,0,0,2
26,438579257,578,18,2,2,1,0,2
26,439105542,559,0,0,2,0,1,2
26,439105541,560,2,2,2,1,0,2
26,442240082,478,0,0,1,0,0,1
26,442240081,476,0,0,2,1,0,1
26,441213982,996,1,0,5,0,0,1
26,441213982,1006,1,0,2,0,0,1
26,441213981,1000,1,0,1,1,0,1
26,438831110,659,0,0,1,0,1,2
26,443325458,172,1,0,2,0,0,1
26,443325457,174,1,0,2,1,0,1
26,438831109,657,24,8,1,1,0,2
27,441228294,423,1,0,2,0,0,1
27,441228298,596,0,0,2,0,0,1
27,441228297,595,0,0,1,1,0,1
27,441201754,40,1,0,2,0,0,1
27,441201753,41,1,0,2,1,0,1
27,419750990,318,1,0,2,0,0,1
27,419750989,321,1,0,1,1,0,1
27,438573142,406,0,0,7,0,1,2
27,438834206,875,0,0,2,0,1,2
27,439884842,922,0,0,1,0,0,2
27,439884841,922,11,11,1,1,0,2
27,438834205,875,17,1,1,1,0,2
27,411628790,547,1,0,1,0,0,1
27,411628789,549,1,0,1,1,0,1
27,438574166,347,0,0,2,0,1,2
27,438574166,398,0,0,1,0,1,2
27,438574165,347,5,5,1,1,0,2
27,411358414,746,1,0,1,0,0,1
27,411358413,747,1,0,2,1,0,1
27,437784598,793,0,0,1,0,1,2
27,437784597,791,17,1,1,1,0,2
27,437525566,52,0,0,1,0,1,2
27,437525566,56,0,0,3,0,0,2
27,437525565,55,25,9,1,1,0,2
27,441202778,1002,0,0,2,0,0,1
27,441202777,1005,0,0,2,1,0,1
27,439620726,211,0,0,1,0,1,2
27,439620725,209,13,13,1,1,0,2
28,437526582,817,0,0,1,0,1,2
28,437526581,814,5,5,1,1,0,2
28,439887906,614,0,0,2,0,1,2
28,439887905,615,20,4,1,1,0,2
28,419738670,148,0,0,1,0,0,1
28,419738669,149,0,0,1,1,0,1
28,441225222,366,0,0,1,0,0,1
28,441225221,364,0,0,1,1,0,1
28,411354290,323,1,0,1,0,0,1
28,411354289,325,1,0,1,1,0,1
28,438573134,674,0,0,2,0,0,2
28,438573133,673,23,7,1,1,0,2
28,437787666,313,0,0,1,0,0,2
28,437787665,313,6,6,1,1,0,2
28,438837274,704,0,0,1,0,0,2
28,438837273,706,12,12,1,1,0,2
28,439619694,467,0,0,1,0,1,2
28,411878626,159,0,0,1,0,0,1
28,411878625,161,0,0,1,1,0,1
28,420267070,284,1,0,1,0,0,1
28,420267069,286,1,0,1,1,0,1
28,439619693,466,16,0,1,1,0,2
28,437525558,869,0,0,1,0,0,2
28,411620542,771,0,0,2,0,0,1
28,411620541,773,0,0,1,1,0,1
28,420009014,285,1,0,1,0,0,1
28,420009013,287,1,0,1,1,0,1
28,437525557,866,28,12,1,1,0,2
29,439112750,702,0,0,1,0,1,2
29,439112749,701,13,13,2,1,0,2
29,441201702,35,1,0,2,0,0,1
29,441201701,39,1,0,2,1,0,1
29,441228354,547,1,0,1,0,0,1
29,441228353,544,1,0,1,1,0,1
29,437781562,71,0,0,1,0,1,2
29,437781561,66,8,8,1,1,0,2
29,443303966,678,1,0,2,0,0,1
29,443303965,682,1,0,2,1,0,1
29,443349066,293,1,0,2,0,0,1
29,443349065,287,1,0,1,1,0,1
29,438047754,589,0,0,1,0,0,2
29,440169530,671,0,0,1,0,1,2
29,442252326,624,0,0,1,0,0,1
29,442252325,627,0,0,2,1,0,1
29,438047753,589,20,4,2,1,0,2
29,440169529,668,22,6,1,1,0,2
29,440150030,571,0,0,1,0,1,2
29,440150029,573,22,6,2,1,0,2
29,438056990,158,0,0,1,0,1,2
29,439098382,416,0,0,2,0,0,2
29,439098381,417,10,10,1,1,0,2
29,438056989,153,27,11,1,1,0,2
29,442287174,286,1,0,1,0,0,1
29,442287173,282,1,0,2,1,0,1
30,439102502,586,0,0,3,0,1,2
30,443358246,407,1,0,3,0,0,1
30,443358246,416,1,0,1,0,0,1
30,443358246,423,1,0,4,0,0,1
30,443358245,405,1,0,1,1,0,1
30,439102501,587,20,4,2,1,0,2
30,442262590,53,1,0,2,0,0,1
30,442262589,56,1,0,1,1,0,1
30,442294314,493,0,0,2,0,0,1
30,442294313,492,0,0,1,1,0,1
30,440155186,745,0,0,1,0,0,2
30,438050842,259,0,0,2,0,0,2
30,440155185,745,17,1,1,1,0,2
30,438050841,262,18,2,2,1,0,2
30,438060046,612,0,0,1,0,1,2
30,438060045,612,5,5,2,1,0,2
30,441208894,460,0,0,2,0,0,1
30,441208893,461,0,0,2,1,0,1
30,439115794,604,0,0,2,0,1,2
30,439115793,603,14,14,2,1,0,2
30,441234474,616,1,0,2,0,0,1
30,441234473,616,1,0,1,1,0,1
30,443317314,917,1,0,2,0,0,1
30,443317313,919,1,0,2,1,0,1
30,440174614,635,0,0,2,0,1,2
30,440174613,636,6,6,1,1,0,2
31,440144918,494,0,0,1,0,0,2
31,440144917,493,4,4,1,1,0,2
31,440163370,98,0,0,2,0,0,2
31,441194537,110,1,0,2,1,0,1
31,440163369,100,19,3,1,1,0,2
31,441194542,909,0,0,1,0,0,1
31,441194541,906,0,0,2,1,0,1
31,439094286,176,0,0,1,0,1,2
31,438044682,826,0,0,1,0,1,2
31,439094285,174,25,9,1,1,0,2
31,438044681,821,19,3,2,1,0,2
31,441219130,827,0,0,2,0,0,1
31,441219129,829,0,0,2,1,0,1
31,443295782,447,1,0,1,0,0,1
31,443295781,445,1,0,2,1,0,1
31,438053910,192,0,0,1,0,1,2
31,438053909,190,8,8,1,1,0,2
31,442274874,784,1,0,2,0,0,1
31,442274873,786,1,0,2,1,0,1
31,442245162,610,0,0,2,0,0,1
31,442245161,609,0,0,2,1,0,1
31,439107614,372,0,0,2,0,0,2
31,439107613,372,25,9,2,1,0,2
31,443332670,516,0,0,1,0,0,1
31,443332669,517,0,0,2,1,0,1
32,420750342,38,0,0,1,0,0,2
32,420750341,39,6,6,1,1,0,2
32,411571246,378,0,0,1,0,0,2
32,411571245,378,27,11,1,1,0,2
32,420750450,15,0,0,1,0,0,2
32,420750449,15,8,8,1,1,0,2
32,412365894,679,0,0,1,0,1,2
32,412365893,680,28,12,1,1,0,2
32,420484102,143,0,0,1,0,1,2
32,420484101,144,25,9,1,1,0,2
32,420484210,50,0,0,2,0,1,2
32,412095550,557,0,0,1,0,0,2
32,420484209,50,27,11,1,1,0,2
32,412095549,558,17,1,1,1,0,2
33,412394610,433,1,0,1,0,0,1
33,412394609,433,1,0,1,1,0,1
33,420512970,571,1,0,1,0,0,1
33,420512969,570,1,0,2,1,0,1
33,437790790,922,0,0,1,0,1,2
33,420242586,84,0,0,1,0,1,2
33,437790789,920,24,8,1,1,0,2
33,420242585,82,20,4,1,1,0,2
33,412124254,510,0,0,2,0,0,1
33,412124253,510,0,0,1,1,0,1
33,437790794,894,0,0,1,0,1,2
33,420242590,18,0,0,1,0,1,2
33,437790793,896,22,6,1,1,0,2
33,420242589,19,18,2,1,1,0,2
33,437522466,148,0,0,1,0,1,2
33,437522465,147,7,7,1,1,0,2
33,419705950,679,0,0,3,0,1,2
33,419705949,686,7,7,2,1,0,2
33,419980414,330,0,0,1,0,1,2
33,420779226,674,0,0,1,0,0,1
33,420779225,673,0,0,1,1,0,1
33,411595842,332,0,0,1,0,1,2
33,419980413,330,19,3,1,1,0,2
33,411595841,332,20,4,1,1,0,2
33,411325502,44,0,0,1,0,1,2
33,411325501,42,20,4,1,1,0,2
33,419710062,495,0,0,1,0,1,2
33,419710061,495,14,14,1,1,0,2
33,411325498,100,0,0,1,0,1,2
33,438567986,611,0,0,1,0,1,2
33,411858002,823,0,0,1,0,0,2
33,411325497,101,18,2,1,1,0,2
33,438567985,612,22,6,1,1,0,2
33,411858001,822,21,5,1,1,0,2
33,420783350,897,1,0,1,0,0,1
34,441196622,275,1,0,2,0,0,1
34,441196621,279,1,0,2,1,0,1
34,438577226,486,0,0,1,0,0,2
34,438577225,485,9,9,1,1,0,2
34,442246230,636,1,0,2,0,0,1
34,442246229,639,1,0,2,1,0,1
34,441223190,257,1,0,1,0,0,1
34,441223189,255,1,0,1,1,0,1
34,437783566,727,0,0,1,0,0,2
34,437783565,726,12,12,1,1,0,2
34,437528630,66,0,0,2,0,0,2
34,437528629,68,13,13,2,1,0,2
34,443296866,718,0,0,3,0,0,1
34,443296865,723,0,0,2,1,0,1
34,443340806,349,0,0,1,0,0,1
34,443340805,345,0,0,2,1,0,1
34,439881754,694,0,0,1,0,1,2
34,439624806,130,0,0,2,0,0,2
34,439624805,127,8,8,2,1,0,2
34,438832146,113,0,0,1,0,1,2
34,439881753,695,20,4,1,1,0,2
34,438832145,112,18,2,1,1,0,2
34,442279950,820,1,0,1,0,0,1
34,442279949,816,1,0,1,1,0,1
35,439092258,640,0,0,1,0,1,2
35,440161298,73,0,0,2,0,1,2
35,440161297,73,10,10,2,1,0,2
35,439105550,30,0,0,1,0,1,2
35,439105549,27,11,11,1,1,0,2
35,441190458,523,1,0,1,0,0,1
35,441190457,524,1,0,2,1,0,1
35,439092257,640,19,3,1,1,0,2
35,443287618,576,0,0,2,0,0,1
35,443287617,579,0,0,2,1,0,1
35,441216042,270,0,0,1,0,0,1
35,441216041,268,0,0,1,1,0,1
35,440141870,626,0,0,1,0,0,2
35,440141869,627,22,6,2,1,0,2
35,438043670,466,0,0,2,0,1,2
35,438052874,616,0,0,1,0,1,2
35,438052873,614,9,9,1,1,0,2
35,438043669,467,23,7,2,1,0,2
35,439106574,886,0,0,2,0,0,2
35,439106573,887,6,6,2,1,0,2
35,443329574,584,0,0,1,0,0,1
35,443329573,581,0,0,1,1,0,1
35,442271782,505,1,0,1,0,0,1
35,442271781,503,1,0,1,1,0,1
35,442239038,493,1,0,1,0,0,1
35,442239037,495,1,0,2,1,0,1
36,441190458,184,1,0,2,0,0,1
36,441190457,184,1,0,2,1,0,1
36,441216042,429,0,0,1,0,0,1
36,441216041,428,0,0,1,1,0,1
36,440141866,529,0,0,3,0,1,2
36,440141865,530,28,12,2,1,0,2
36,440141870,237,0,0,5,0,0,2
36,440141870,307,0,0,6,0,0,2
36,440141869,217,17,1,2,1,0,2
36,440141869,342,28,12,5,1,0,2
36,438052870,343,0,0,1,0,1,2
36,419996738,456,0,0,2,0,1,2
36,439106570,49,0,0,1,0,0,2
36,438052869,341,19,3,1,1,0,2
36,440141874,589,0,0,4,0,1,2
36,440141874,643,0,0,2,0,1,2
36,438043666,553,0,0,2,0,1,2
36,439106569,50,22,6,2,1,0,2
36,440160270,36,0,0,1,0,1,2
36,440141873,582,29,13,1,1,0,2
36,440141873,663,29,13,4,1,0,2
36,440141873,581,30,14,2,1,0,2
36,440141873,641,30,14,6,1,0,2
36,438043665,553,31,15,1,1,0,2
36,443288638,271,1,0,1,0,0,1
36,443288637,272,1,0,2,1,0,1
36,440160269,34,20,4,1,1,0,2
36,438043670,406,0,0,1,0,1,2
36,438043669,406,1,1,1,1,0,2
36,443329574,124,0,0,1,0,0,1
36,443329573,123,0,0,1,1,0,1
36,442240062,55,0,0,2,0,0,1
36,442240061,57,0,0,2,1,0,1
36,440161294,935,0,0,2,0,1,2
36,442271782,219,1,0,2,0,0,1
36,442271781,218,1,0,2,1,0,1
36,440161293,936,25,9,1,1,0,2
36,439105546,929,0,0,1,0,1,2
36,439105545,927,27,11,1,1,0,2
36,439092254,202,0,0,2,0,1,2
36,440141833,661,22,6,2,1,0,2
36,439092253,200,27,11,3,1,0,2
37,419697734,329,0,0,1,0,1,2
37,419697733,330,29,13,1,1,0,2
37,411309086,216,0,0,1,0,1,2
37,412103722,265,0,0,1,0,1,2
37,420222046,767,0,0,1,0,1,2
37,411309085,215,28,12,1,1,0,2
37,412103721,265,28,12,1,1,0,2
37,420222045,766,21,5,1,1,0,2
37,419963986,420,0,0,1,0,1,2
37,419963985,419,28,12,1,1,0,2
37,411575330,584,0,0,1,0,1,2
37,411575329,584,24,8,1,1,0,2
37,411833382,534,0,0,1,0,1,2
37,411833381,534,19,3,1,1,0,2
37,420488286,842,0,0,1,0,1,2
37,420488285,841,2,2,1,1,0,2
37,412369962,261,0,0,1,0,1,2
37,412369961,261,0,0,1,1,0,2
37,420758638,193,0,0,1,0,1,2
37,420758637,193,3,3,1,1,0,2
37,412099622,520,0,0,1,0,1,2
37,412099621,520,0,0,1,1,0,2
37,420492398,208,0,0,1,0,1,2
37,420492397,208,31,15,1,1,0,2
38,411587606,534,0,0,1,0,1,2
38,412386338,930,0,0,1,0,0,1
38,412386337,928,0,0,2,1,0,1
38,411587605,533,21,5,1,1,0,2
38,411587605,543,23,7,1,1,0,2
38,411849754,868,0,0,1,0,1,2
38,411849753,866,29,13,2,1,0,2
38,419701826,170,0,0,2,0,1,2
38,419701825,155,1,1,3,1,0,2
38,419701825,169,1,1,1,1,0,2
38,437791794,170,0,0,1,0,1,2
38,420775054,790,0,0,1,0,0,1
38,420775053,789,0,0,1,1,0,1
38,437791793,169,19,3,1,1,0,2
38,437520398,604,0,0,1,0,1,2
38,437520397,604,30,14,1,1,0,2
38,419705922,182,0,0,2,0,1,2
38,411317266,517,0,0,1,0,1,2
38,411317265,516,8,8,1,1,0,2
38,419705921,181,29,13,1,1,0,2
38,420234330,703,0,0,1,0,1,2
38,420504686,626,0,0,1,0,0,2
38,420504685,625,10,10,1,1,0,2
38,420234329,703,21,5,1,1,0,2
38,437521422,601,0,0,1,0,1,2
38,437521422,951,0,0,1,0,0,2
38,437521421,601,3,3,1,1,0,2
38,419972174,524,0,0,1,0,1,2
38,419972173,523,12,12,1,1,0,2
38,411583506,38,0,0,1,0,1,2
38,411583505,40,5,5,1,1,0,2
38,411583510,14,0,0,4,0,0,2
38,411583509,4,5,5,2,1,0,2
38,412120094,128,0,0,1,0,0,2
38,412120093,126,23,7,1,1,0,2
38,411845654,484,0,0,1,0,1,2
38,411845653,483,3,3,1,1,0,2
39,411571250,152,0,0,1,0,1,2
39,419959818,287,0,0,1,0,1,2
39,411571249,153,28,12,1,1,0,2
39,419959817,287,28,12,1,1,0,2
39,412365906,745,0,0,1,0,1,2
39,411571254,50,0,0,1,0,1,2
39,412365905,743,27,11,3,1,0,2
39,411571253,49,31,15,1,1,0,2
39,420754446,646,0,0,1,0,0,2
39,420754445,646,25,9,1,1,0,2
39,412095558,676,0,0,1,0,1,2
39,412095557,677,18,2,1,1,0,2
39,420484110,397,0,0,1,0,1,2
39,420484109,397,16,0,1,1,0,2
40,440159274,727,0,0,2,0,1,2
40,440159273,726,21,5,1,1,0,2
40,441215034,1008,0,0,1,0,0,1
40,441215033,1008,0,0,1,1,0,1
40,443326526,746,0,0,1,0,0,1
40,443326525,744,0,0,1,1,0,1
40,442269754,730,1,0,1,0,0,1
40,442269753,729,1,0,1,1,0,1
40,439105566,777,0,0,2,0,0,2
40,439117838,152,0,0,2,0,0,2
40,439105565,778,27,11,2,1,0,2
40,439117837,151,31,15,2,1,0,2
40,441189418,955,1,0,2,0,0,1
40,441189417,958,1,0,1,1,0,1
40,439117842,810,0,0,2,0,0,2
40,439117841,809,1,1,2,1,0,2
40,438061066,839,0,0,1,0,0,2
40,438061065,836,21,5,1,1,0,2
40,443363366,378,1,0,1,0,0,1
40,443363365,380,1,0,1,1,0,1
40,440140822,677,0,0,2,0,1,2
40,440140821,678,6,6,2,1,0,2
40,442298410,198,1,0,1,0,0,1
40,442298409,199,1,0,1,1,0,1
40,438052886,809,0,0,1,0,1,2
40,438052885,812,6,6,2,1,0,2
41,438832194,5,0,0,1,0,0,2
41,438832193,1,19,3,1,1,0,2
41,442276946,600,1,0,2,0,0,1
41,442276945,597,1,0,1,1,0,1
41,438832198,49,0,0,2,0,0,2
41,439094278,556,0,0,2,0,0,2
41,443291666,241,1,0,2,0,0,1
41,443291665,245,1,0,2,1,0,1
41,438832197,50,20,4,2,1,0,2
41,443336794,860,1,0,1,0,0,1
41,443336793,856,1,0,1,1,0,1
41,439094277,558,17,1,1,1,0,2
41,441232478,317,1,0,2,0,0,1
41,438044682,678,0,0,1,0,1,2
41,438044681,676,7,7,2,1,0,2
41,441193502,440,1,0,1,0,0,1
41,437783598,955,0,0,1,0,1,2
41,441193506,563,0,0,2,0,0,1
41,441193505,566,0,0,2,1,0,1
41,441220174,621,1,0,2,0,0,1
41,441220173,618,1,0,1,1,0,1
41,437783597,950,26,10,1,1,0,2
41,437783602,887,0,0,1,0,0,2
41,437783601,889,25,9,1,1,0,2
41,439627794,609,0,0,2,0,0,2
41,439627793,611,23,7,2,1,0,2
41,439881822,114,0,0,1,0,0,2
41,439881821,110,1,1,1,1,0,2
41,442243098,919,1,0,2,0,0,1
41,442243097,924,1,0,2,1,0,1
42,438046726,574,0,0,1,0,1,2
42,438046725,537,5,5,2,1,0,2
42,438046725,574,13,13,2,1,0,2
42,439879782,123,0,0,1,0,1,2
42,439879781,122,22,6,1,1,0,2
42,437530642,584,0,0,1,0,1,2
42,437530641,584,23,7,4,1,0,2
42,443338838,411,1,0,2,0,0,1
42,443338837,413,1,0,1,1,0,1
42,437782582,257,0,0,1,0,1,2
42,438579222,898,0,0,1,0,1,2
42,441198626,233,0,0,2,0,0,1
42,441198625,231,0,0,2,1,0,1
42,437782581,259,19,3,2,1,0,2
42,442278990,894,1,0,2,0,0,1
42,442278989,895,1,0,1,1,0,1
42,438579221,909,22,6,3,1,0,2
42,438579221,895,24,8,1,1,0,2
42,438579221,897,24,8,2,1,0,2
42,438579221,923,24,8,3,1,0,2
42,441222218,89,1,0,2,0,0,1
42,441222217,90,1,0,1,1,0,1
42,443301906,384,1,0,1,0,0,1
42,443301905,382,1,0,1,1,0,1
42,439627810,385,0,0,1,0,1,2
42,439627809,384,14,14,1,1,0,2
42,438831178,327,0,0,1,0,1,2
42,438831177,327,11,11,1,1,0,2
42,442250266,763,1,0,2,0,0,1
42,442250265,763,1,0,1,1,0,1
43,437781534,637,0,0,1,0,0,2
43,437528642,560,0,0,2,0,1,2
43,439625858,60,0,0,1,0,1,2
43,437781533,635,16,0,1,1,0,2
43,443317334,344,0,0,1,0,0,1
43,443317333,341,0,0,1,1,0,1
43,437528641,560,30,14,1,1,0,2
43,437528641,568,30,14,2,1,0,2
43,437528641,562,31,15,1,1,0,2
43,439625857,63,20,4,2,1,0,2
43,437529666,540,0,0,1,0,1,2
43,437529665,541,4,4,2,1,0,2
43,439879742,849,0,0,2,0,0,2
43,439879741,849,4,4,1,1,0,2
43,443351054,871,0,0,2,0,0,1
43,443351053,874,0,0,2,1,0,1
43,438578270,191,0,0,1,0,1,2
43,438578269,194,4,4,1,1,0,2
43,441231390,89,0,0,2,0,0,1
43,441231389,92,0,0,2,1,0,1
43,438830122,290,0,0,1,0,0,2
43,438830121,287,16,0,2,1,0,2
43,442261582,753,1,0,1,0,0,1
43,442261581,749,1,0,1,1,0,1
43,442289174,937,1,0,2,0,0,1
43,442289173,939,1,0,2,1,0,1
43,441207882,146,0,0,1,0,0,1
43,441207881,131,0,0,3,1,0,1
43,441207881,142,0,0,2,1,0,1
44,438576174,475,0,0,1,0,0,2
44,438576173,473,26,10,2,1,0,2
44,441232474,864,1,0,2,0,0,1
44,441232473,868,1,0,2,1,0,1
44,437528610,761,0,0,1,0,0,2
44,437528609,761,21,5,2,1,0,2
44,442291298,720,1,0,2,0,0,1
44,442291297,721,1,0,5,1,0,1
44,438577198,459,0,0,1,0,0,2
44,438577197,457,0,0,2,1,0,2
44,419751162,223,0,0,2,0,0,1
44,419751161,226,0,0,2,1,0,1
44,438835294,786,0,0,2,0,0,2
44,438835293,786,4,4,2,1,0,2
44,441209874,660,1,0,2,0,0,1
44,441209873,658,1,0,1,1,0,1
44,437529634,746,0,0,2,0,0,2
44,437529633,747,0,0,2,1,0,2
44,437785666,148,0,0,1,0,0,2
44,439884930,884,0,0,2,0,0,2
44,439884929,885,17,1,1,1,0,2
44,437785665,146,19,3,1,1,0,2
44,411366534,361,0,0,1,0,0,1
44,411366533,364,0,0,1,1,0,1
44,439623746,193,0,0,1,0,1,2
44,439623745,192,13,13,1,1,0,2
44,442263562,351,0,0,1,0,0,1
44,442263561,347,0,0,1,1,0,1
45,420263158,212,1,0,2,0,0,1
45,420263157,224,1,0,3,1,0,1
45,420525302,119,1,0,2,0,0,1
45,420525301,132,1,0,2,1,0,1
45,420787446,259,1,0,2,0,0,1
45,420787445,270,1,0,2,1,0,1
45,411624550,45,1,0,2,0,0,1
45,411624549,43,1,0,2,1,0,1
45,441205766,816,0,0,2,0,0,1
45,441205765,817,0,0,2,1,0,1
45,411354198,245,0,0,1,0,0,1
45,411354197,243,0,0,1,1,0,1
45,438573097,918,31,15,1,1,0,2
45,420013314,486,1,0,1,0,0,1
45,420013313,479,1,0,2,1,0,1
45,420013313,484,1,0,1,1,0,1
45,411624546,62,1,0,1,0,0,1
45,411624545,61,1,0,1,1,0,1
45,438836318,542,0,0,1,0,1,2
45,438836317,541,14,14,1,1,0,2
45,419742934,717,0,0,1,0,0,1
45,419742933,715,0,0,1,1,0,1
45,438574122,859,0,0,1,0,1,2
45,438574121,861,4,4,2,1,0,2
45,439619638,121,0,0,1,0,0,2
45,437786690,424,0,0,2,0,0,2
45,437786689,423,11,11,1,1,0,2
45,439619637,121,30,14,1,1,0,2
45,437525534,292,0,0,2,0,0,2
45,437525533,295,31,15,1,1,0,2
45,439886978,827,0,0,2,0,1,2
45,439886978,838,0,0,1,0,1,2
45,439886977,835,16,0,2,1,0,2
45,439886977,830,20,4,3,1,0,2
45,437526558,325,0,0,1,0,1,2
45,437526557,327,7,7,1,1,0,2
45,439620662,115,0,0,1,0,0,2
45,439620661,115,0,0,2,1,0,2
46,439110686,581,0,0,1,0,1,2
46,439110685,582,2,2,1,1,0,2
46,438046726,187,0,0,1,0,1,2
46,438046725,183,23,7,1,1,0,2
46,440166438,137,0,0,1,0,1,2
46,440166437,136,27,11,2,1,0,2
46,439097358,345,0,0,2,0,0,2
46,439097357,344,7,7,1,1,0,2
46,443303974,903,1,0,1,0,0,1
46,443303973,900,1,0,2,1,0,1
46,442281018,501,0,0,1,0,0,1
46,442281017,502,0,0,2,1,0,1
46,442252330,998,0,0,2,0,0,1
46,442252329,998,0,0,1,1,0,1
46,441200682,822,1,0,2,0,0,1
46,441200681,822,1,0,1,1,0,1
46,438055954,707,0,0,2,0,0,2
46,438055953,706,13,13,1,1,0,2
46,443340858,587,1,0,2,0,0,1
46,443340857,589,1,0,2,1,0,1
46,441224250,806,0,0,2,0,0,1
46,441224249,808,0,0,2,1,0,1
46,440149010,409,0,0,1,0,1,2
46,440149009,408,14,14,2,1,0,2
47,420750422,344,0,0,2,0,1,2
47,420750422,347,0,0,2,0,0,2
47,420750421,347,30,14,2,1,0,2
47,412357658,120,0,0,3,0,1,2
47,412357658,136,0,0,2,0,0,2
47,412357657,137,10,10,1,1,0,2
47,412357662,10,0,0,1,0,0,2
47,412357661,9,12,12,1,1,0,2
47,420746326,329,0,0,1,0,1,2
47,420746326,348,0,0,1,0,0,2
47,420746325,330,1,1,1,1,0,2
47,420746325,348,4,4,1,1,0,2
48,443299922,953,0,0,2,0,0,1
48,443299921,957,0,0,1,1,0,1
48,439096366,395,0,0,2,0,1,2
48,437781522,735,0,0,2,0,0,2
48,437781521,738,11,11,2,1,0,2
48,439878686,230,0,0,1,0,1,2
48,439878685,230,4,4,1,1,0,2
48,439096365,395,28,12,1,1,0,2
48,439096365,396,29,13,1,1,0,2
48,437530678,350,0,0,2,0,0,2
48,441223202,245,1,0,1,0,0,1
48,441223201,243,1,0,1,1,0,1
48,438046750,688,0,0,1,0,1,2
48,437530677,351,20,4,1,1,0,2
48,438046749,691,26,10,1,1,0,2
48,439627882,369,0,0,1,0,0,2
48,438579274,98,0,0,2,0,0,2
48,439627881,368,27,11,1,1,0,2
48,438579273,96,30,14,1,1,0,2
48,440147006,228,0,0,2,0,1,2
48,440147005,229,23,7,1,1,0,2
48,439109638,152,0,0,1,0,1,2
48,439109637,150,13,13,1,1,0,2
48,438830102,557,0,0,2,0,0,2
48,438830101,558,2,2,1,1,0,2
48,441197638,740,1,0,2,0,0,1
48,441197637,741,1,0,2,1,0,1
48,442248266,354,1,0,1,0,0,1
48,442248265,352,1,0,5,1,0,1
48,442280990,267,0,0,1,0,0,1
48,442280989,266,0,0,1,1,0,1
48,443340822,707,1,0,1,0,0,1
48,443340821,704,1,0,2,1,0,1
49,411587690,229,0,0,1,0,0,2
49,411849846,877,0,0,1,0,1,2
49,412386473,470,0,0,1,1,0,1
49,420774986,532,0,0,1,0,0,1
49,420774985,531,0,0,1,1,0,1
49,411587689,229,18,2,1,1,0,2
49,411849845,877,27,11,1,1,0,2
49,411833438,663,0,0,1,0,1,2
49,420238386,125,0,0,2,0,0,2
49,420238385,124,27,11,1,1,0,2
49,420238385,124,28,12,1,1,0,2
49,437520446,559,0,0,1,0,1,2
49,419976238,487,0,0,1,0,1,2
49,412390582,713,1,0,1,0,0,1
49,412390581,712,1,0,1,1,0,1
49,437520445,559,28,12,1,1,0,2
49,419976237,486,18,2,2,1,0,2
49,411317330,578,0,0,1,0,1,2
49,411317330,581,0,0,1,0,1,2
49,411317329,579,7,7,1,1,0,2
49,411317329,577,8,8,1,1,0,2
49,411317329,579,8,8,1,1,0,2
49,411579474,499,0,0,2,0,1,2
49,411579473,585,5,5,1,1,0,2
49,437790746,220,0,0,1,0,1,2
49,437790745,219,30,14,1,1,0,2
49,437521470,563,0,0,1,0,1,2
49,437521469,563,0,0,1,1,0,2
49,420779086,813,1,0,1,0,0,1
49,420779085,811,1,0,1,1,0,1
49,437791770,160,0,0,1,0,1,2
49,437791769,158,3,3,1,1,0,2
49,419705890,172,0,0,1,0,1,2
49,419705889,171,11,11,1,1,0,2
49,412120210,678,0,0,1,0,1,2
49,412120209,676,14,14,1,1,0,2
49,420508734,625,0,0,1,0,1,2
49,420508733,624,14,14,1,1,0,2
50,411587702,835,0,0,1,0,1,2
50,411587701,835,18,2,1,1,0,2
50,411587701,835,19,3,1,1,0,2
50,411587706,948,0,0,1,0,0,2
50,419976250,511,0,0,1,0,1,2
50,419976249,511,9,9,1,1,0,2
50,437790754,472,0,0,1,0,1,2
50,411587705,946,17,1,2,1,0,2
50,437790753,472,21,5,1,1,0,2
50,420238402,744,0,0,1,0,1,2
50,420238401,744,15,15,1,1,0,2
50,412390606,336,1,0,1,0,0,1
50,412390605,334,1,0,2,1,0,1
50,420512862,145,1,0,1,0,0,1
50,411317338,266,0,0,1,0,1,2
50,411317337,266,7,7,1,1,0,2
50,437520454,314,0,0,1,0,1,2
50,419705901,66,0,0,1,1,0,2
50,437520453,315,27,11,1,1,0,2
50,412120226,371,0,0,1,0,1,2
50,412120225,370,7,7,1,1,0,2
50,420779106,153,1,0,1,0,0,1
50,420779105,151,1,0,1,1,0,1
50,419710002,272,0,0,1,0,1,2
50,419710001,271,28,12,1,1,0,2
50,420508750,636,0,0,1,0,1,2
50,420508749,635,1,1,1,1,0,2
50,411849862,470,0,0,1,0,1,2
50,411849861,469,22,6,1,1,0,2
51,437526582,667,0,0,1,0,0,2
51,437526581,666,10,10,1,1,0,2
51,411350166,625,0,0,2,0,0,1
51,411350165,636,0,0,3,1,0,1
51,412124310,840,0,0,1,0,0,1
51,412124309,832,0,0,1,1,0,1
51,411612310,800,0,0,1,0,0,1
51,419750982,52,1,0,1,0,0,1
51,419750981,52,1,0,1,1,0,1
51,411862166,617,1,0,2,0,0,1
51,411862165,598,1,0,2,1,0,1
51,411612310,801,1,0,1,0,0,1
51,411612309,809,1,0,2,1,0,1
51,412386454,718,1,0,2,0,0,1
51,412386453,702,1,0,2,1,0,1
51,438834202,413,0,0,1,0,1,2
51,439884838,660,0,0,1,0,1,2
51,438834201,412,29,13,1,1,0,2
51,439884837,660,24,8,1,1,0,2
51,437784594,212,0,0,1,0,1,2
51,438835226,396,0,0,1,0,1,2
51,438835225,395,1,1,1,1,0,2
51,420017226,979,0,0,2,0,0,1
51,420017225,979,0,0,1,1,0,1
51,441200730,995,1,0,2,0,0,1
51,441200729,995,1,0,2,1,0,1
51,437784593,209,29,13,1,1,0,2
51,437785618,172,0,0,1,0,0,2
51,437785617,169,7,7,1,1,0,2
51,411628758,864,0,0,1,0,0,1
51,411628757,863,0,0,1,1,0,1
51,438574158,311,0,0,1,0,0,2
51,438574157,312,15,15,1,1,0,2
51,419746878,208,0,0,1,0,0,1
51,419746877,208,0,0,1,1,0,1
51,420017221,1014,0,0,1,1,0,1
51,441224202,907,0,0,2,0,0,1
51,441224201,909,0,0,2,1,0,1
51,411358390,667,0,0,1,0,0,1
51,411358389,666,0,0,1,1,0,1
51,439620714,747,0,0,1,0,0,2
51,439620713,747,21,5,1,1,0,2
52,442238018,874,0,0,2,0,0,1
52,442238017,873,0,0,1,1,0,1
52,441189438,34,1,0,1,0,0,1
52,441189437,33,1,0,1,1,0,1
52,443286598,463,0,0,1,0,0,1
52,443286597,460,0,0,1,1,0,1
52,440176690,942,0,0,1,0,1,2
52,443321378,574,0,0,1,0,0,1
52,443321377,577,0,0,2,1,0,1
52,440176689,939,22,6,1,1,0,2
52,440140850,16,0,0,1,0,0,2
52,440140849,16,16,0,1,1,0,2
52,442265638,575,0,0,1,0,0,1
52,442265637,577,0,0,2,1,0,1
52,438051846,557,0,0,2,0,1,2
52,441211942,363,1,0,2,0,0,1
52,441211941,366,1,0,2,1,0,1
52,438051845,559,26,10,2,1,0,2
52,441237566,1000,0,0,1,0,0,1
52,441237565,997,0,0,1,1,0,1
52,440158222,880,0,0,2,0,0,2
52,440158221,883,15,15,1,1,0,2
52,438061082,567,0,0,2,0,1,2
52,438061082,576,0,0,2,0,1,2
52,438061081,565,3,3,2,1,0,2
52,439117862,464,0,0,1,0,1,2
52,439117861,463,6,6,1,1,0,2
52,439104522,70,0,0,1,0,0,2
52,439104521,72,26,10,2,1,0,2
53,411849738,290,0,0,1,0,1,2
53,411849737,291,5,5,2,1,0,2
53,420238413,273,0,0,1,1,0,2
53,411587594,564,0,0,1,0,1,2
53,411587593,565,1,1,1,1,0,2
53,412124174,613,1,0,1,0,0,1
53,412124173,615,1,0,1,1,0,1
53,420512878,272,1,0,1,0,0,1
53,420512877,274,1,0,1,1,0,1
53,420242518,331,0,0,2,0,1,2
53,420242517,333,28,12,2,1,0,2
53,411591690,557,0,0,1,0,0,2
53,419980358,344,0,0,2,0,1,2
53,411591689,558,30,14,1,1,0,2
53,420779122,42,1,0,1,0,0,1
53,420779121,44,1,0,1,1,0,1
53,419980357,346,26,10,1,1,0,2
53,412390418,881,1,0,2,0,0,1
53,412390417,883,1,0,1,1,0,1
53,420779126,2,0,0,1,0,0,1
53,420779125,5,0,0,1,1,0,1
53,437790762,621,0,0,1,0,0,2
53,437521414,618,0,0,1,0,1,2
53,437521413,617,9,9,1,1,0,2
53,437790761,622,17,1,1,1,0,2
53,411321354,766,0,0,1,0,0,2
53,419710014,371,0,0,1,0,1,2
53,411321353,766,22,6,2,1,0,2
53,419710013,373,18,2,1,1,0,2
54,411849846,103,0,0,1,0,0,2
54,411849845,103,0,0,1,1,0,2
54,412124326,650,1,0,1,0,0,1
54,412124325,651,1,0,1,1,0,1
54,420238378,443,0,0,1,0,1,2
54,420238377,444,15,15,1,1,0,2
54,420512825,338,1,0,1,1,0,1
54,420774970,346,1,0,2,0,0,1
54,420774969,345,1,0,3,1,0,1
54,419976230,494,0,0,2,0,1,2
54,419976230,516,0,0,8,0,1,2
54,419976229,498,10,10,2,1,0,2
54,411853954,714,0,0,1,0,1,2
54,411853953,714,25,9,1,1,0,2
54,411591782,874,0,0,1,0,1,2
54,437790742,765,0,0,1,0,1,2
54,437521470,8,0,0,1,0,0,2
54,437521469,9,14,14,1,1,0,2
54,411591781,875,25,9,1,1,0,2
54,437790741,764,31,15,1,1,0,2
54,420779070,644,1,0,1,0,0,1
54,420779070,653,1,0,2,0,0,1
54,420779069,645,1,0,1,1,0,1
54,412390578,111,0,0,2,0,0,1
54,412390577,113,0,0,1,1,0,1
54,437521466,59,0,0,1,0,1,2
54,437791766,803,0,0,1,0,1,2
54,437791765,802,2,2,1,1,0,2
54,437521465,57,16,0,1,1,0,2
54,419705886,400,0,0,2,0,0,2
54,419705885,401,2,2,1,1,0,2
54,411321434,217,0,0,1,0,0,2
54,411321433,218,14,14,1,1,0,2
54,420508722,398,0,0,1,0,1,2
54,420508721,398,1,1,1,1,0,2
55,419697734,107,0,0,1,0,1,2
55,412374066,668,0,0,1,0,0,2
55,419697733,108,16,0,1,1,0,2
55,419697730,37,0,0,1,0,1,2
55,412374065,668,29,13,1,1,0,2
55,419697729,36,18,2,1,1,0,2
55,420222046,412,0,0,1,0,0,2
55,420222045,413,4,4,1,1,0,2
55,412103722,76,0,0,1,0,1,2
55,411571230,219,0,0,1,0,1,2
55,411571229,219,1,1,1,1,0,2
55,419963986,692,0,0,1,0,1,2
55,419963985,692,14,14,2,1,0,2
55,412103721,77,30,14,1,1,0,2
55,442284129,681,0,0,1,1,0,1
55,420226142,415,0,0,1,0,1,2
55,411575330,518,0,0,1,0,1,2
55,420226141,416,31,15,1,1,0,2
55,411575329,518,27,11,1,1,0,2
55,437792830,434,0,0,2,0,0,2
55,437792829,435,26,10,1,1,0,2
55,411833382,644,0,0,1,0,1,2
55,411833381,645,22,6,1,1,0,2
55,412369966,23,0,0,1,0,0,2
55,412369965,22,2,2,1,1,0,2
55,420492394,402,0,0,1,0,1,2
55,420492393,402,14,14,1,1,0,2
55,412099622,698,0,0,2,0,0,2
55,412099621,699,2,2,1,1,0,2
55,420762742,701,0,0,1,0,1,2
55,420762741,701,13,13,1,1,0,2
56,419976202,70,0,0,1,0,1,2
56,419976201,68,3,3,1,1,0,2
56,419976206,25,0,0,2,0,0,2
56,419976205,26,1,1,1,1,0,2
56,420512786,524,1,0,1,0,0,1
56,420512785,522,1,0,1,1,0,1
56,412124274,360,0,0,1,0,0,1
56,412124273,358,0,0,2,1,0,1
56,437790726,906,0,0,1,0,1,2
56,437790725,904,31,15,1,1,0,2
56,419980298,54,0,0,1,0,0,2
56,437790730,876,0,0,1,0,1,2
56,420242446,539,0,0,2,0,1,2
56,438567998,38,0,0,2,0,0,2
56,411858018,467,0,0,1,0,0,2
56,411858017,466,14,14,1,1,0,2
56,420779026,67,0,0,1,0,0,1
56,420779025,64,0,0,2,1,0,1
56,419980297,52,31,15,1,1,0,2
56,437790729,877,29,13,2,1,0,2
56,420242445,538,25,9,1,1,0,2
56,438567997,41,26,10,1,1,0,2
56,419980302,23,0,0,1,0,0,2
56,419980301,23,29,13,1,1,0,2
56,411595858,625,0,0,1,0,1,2
56,411595857,624,13,13,1,1,0,2
56,419709962,326,0,0,1,0,1,2
56,419709961,325,25,9,1,1,0,2
56,411325514,694,0,0,1,0,1,2
56,411325513,692,10,10,1,1,0,2
56,437522474,230,0,0,1,0,1,2
56,437522473,220,14,14,3,1,0,2
56,437522473,229,15,15,2,1,0,2
56,412394634,211,1,0,2,0,0,1
56,412394633,211,1,0,1,1,0,1
57,420512778,98,0,0,1,0,0,1
57,420512777,94,0,0,1,1,0,1
57,412124262,869,0,0,1,0,0,1
57,412124261,867,0,0,1,1,0,1
57,437789702,331,0,0,2,0,0,2
57,437789701,331,29,13,2,1,0,2
57,437790726,336,0,0,1,0,0,2
57,437790725,335,2,2,2,1,0,2
57,411858010,710,0,0,1,0,1,2
57,411858009,707,11,11,1,1,0,2
57,412128366,749,1,0,1,0,0,1
57,412128365,748,1,0,1,1,0,1
57,420516878,164,1,0,1,0,0,1
57,420516877,163,1,0,1,1,0,1
57,419984390,943,0,0,1,0,1,2
57,438841350,596,0,0,1,0,1,2
57,438841349,594,11,11,1,1,0,2
57,420246538,525,0,0,1,0,1,2
57,411595850,448,0,0,1,0,1,2
57,411595849,446,14,14,1,1,0,2
57,419984389,940,18,2,1,1,0,2
57,420246537,523,16,0,1,1,0,2
57,437521446,904,0,0,2,0,1,2
57,438567990,750,0,0,2,0,1,2
57,419984394,887,0,0,1,0,1,2
57,412394622,280,0,0,1,0,0,1
57,412394621,278,0,0,1,1,0,1
57,437521445,903,30,14,2,1,0,2
57,438567989,751,22,6,1,1,0,2
57,419984393,886,20,4,1,1,0,2
57,420783118,740,0,0,1,0,0,1
57,420783117,738,0,0,2,1,0,1
57,411325506,320,0,0,1,0,1,2
57,411325505,319,13,13,1,1,0,2
57,419714054,743,0,0,1,0,1,2
57,437522470,871,0,0,1,0,1,2
57,437522469,870,2,2,1,1,0,2
57,419714053,740,16,0,2,1,0,2
57,437522474,916,0,0,1,0,1,2
57,437522473,919,3,3,1,1,0,2
58,411620522,653,1,0,1,0,0,1
58,411620521,650,1,0,2,1,0,1
58,439887906,47,0,0,2,0,1,2
58,439887905,47,14,14,2,1,0,2
58,419738666,361,0,0,1,0,0,1
58,419738665,359,0,0,2,1,0,1
58,411350154,271,1,0,1,0,0,1
58,411350153,270,1,0,2,1,0,1
58,419738666,401,1,0,1,0,0,1
58,419738665,402,1,0,2,1,0,1
58,439618662,898,0,0,2,0,1,2
58,439618661,923,6,6,2,1,0,2
58,439618661,900,7,7,2,1,0,2
58,438572106,850,0,0,2,0,0,2
58,438572105,853,17,1,2,1,0,2
58,420262970,844,0,0,1,0,0,1
58,420262969,843,0,0,1,1,0,1
58,438836246,569,0,0,1,0,1,2
58,439618658,954,0,0,1,0,1,2
58,439618657,954,5,5,1,1,0,2
58,411874482,405,0,0,1,0,0,1
58,411874481,403,0,0,2,1,0,1
58,438836245,568,29,13,1,1,0,2
58,437786642,799,0,0,1,0,1,2
58,437524530,126,0,0,2,0,1,2
58,437786641,800,18,2,2,1,0,2
58,437786641,800,19,3,2,1,0,2
58,420004914,635,0,0,1,0,0,1
58,420004913,634,0,0,1,1,0,1
58,437524529,125,27,11,1,1,0,2
58,411616414,735,0,0,1,0,0,1
58,411616413,734,0,0,1,1,0,1
58,438837270,600,0,0,1,0,0,2
58,438837269,598,2,2,1,1,0,2
58,437525554,159,0,0,1,0,0,2
58,437525553,157,0,0,1,1,0,2
58,420267070,691,1,0,1,0,0,1
58,420267069,689,1,0,2,1,0,1
58,420009014,159,1,0,1,0,0,1
58,420009013,158,1,0,1,1,0,1
59,420521162,662,0,0,1,0,0,1
59,420521161,661,0,0,1,1,0,1
59,412132410,65,0,0,1,0,0,1
59,412132409,64,0,0,2,1,0,1
59,438570014,102,0,0,1,0,0,2
59,438570013,104,2,2,1,1,0,2
59,437788730,444,0,0,1,0,0,2
59,437788729,443,20,4,1,1,0,2
59,411333670,269,0,0,1,0,1,2
59,411604010,898,0,0,2,0,0,2
59,411604009,896,6,6,1,1,0,2
59,420250786,160,0,0,1,0,0,1
59,411333669,267,18,2,1,1,0,2
59,419722354,596,0,0,1,0,0,2
59,419722353,595,10,10,1,1,0,2
59,438839378,341,0,0,1,0,1,2
59,420791538,1008,1,0,2,0,0,1
59,420791537,1007,1,0,2,1,0,1
59,438839377,340,18,2,1,1,0,2
59,411862066,434,0,0,1,0,0,1
59,411862065,432,0,0,1,1,0,1
59,420254894,930,1,0,1,0,0,1
59,420254893,916,1,0,1,1,0,1
59,420254893,929,1,0,1,1,0,1
59,411595814,250,0,0,2,0,0,2
59,411595813,255,2,2,2,1,0,2
59,411595813,260,2,2,1,1,0,2
59,411595813,254,3,3,1,1,0,2
59,411595813,260,3,3,1,1,0,2
59,411595813,263,3,3,3,1,0,2
59,412132414,38,1,0,1,0,0,1
59,412132413,37,1,0,1,1,0,1
59,420254898,1005,1,0,1,0,0,1
59,420254897,1004,1,0,3,1,0,1
59,419996810,402,0,0,1,0,1,2
59,419996809,400,29,13,1,1,0,2
59,437522454,237,0,0,1,0,1,2
59,437522453,239,28,12,1,1,0,2
59,437522453,239,29,13,1,1,0,2
59,420791534,960,0,0,1,0,0,1
59,420791533,959,0,0,1,1,0,1
59,437523478,288,0,0,1,0,1,2
59,437523477,290,2,2,1,1,0,2
59,438568990,28,0,0,1,0,1,2
59,438568989,30,31,15,2,1,0,2
59,412402758,255,1,0,1,0,0,1
59,412402757,253,1,0,1,1,0,1
60,437526598,239,0,0,1,0,1,2
60,439621766,132,0,0,2,0,1,2
60,439621765,132,3,3,1,1,0,2
60,437526597,241,25,9,2,1,0,2
60,419746926,628,1,0,1,0,0,1
60,419746925,627,1,0,1,1,0,1
60,437527622,269,0,0,1,0,1,2
60,437527621,271,2,2,2,1,0,2
60,438835246,632,0,0,1,0,0,2
60,438835245,631,27,11,1,1,0,2
60,441209945,613,1,0,2,1,0,1
60,437785634,594,0,0,1,0,1,2
60,441209954,617,0,0,2,0,0,1
60,441209953,616,0,0,3,1,0,1
60,438574178,533,0,0,2,0,1,2
60,438574178,543,0,0,1,0,1,2
60,437785633,595,28,12,1,1,0,2
60,411358442,707,0,0,1,0,0,1
60,411358441,706,0,0,1,1,0,1
60,441233418,415,1,0,2,0,0,1
60,441233417,416,1,0,1,1,0,1
60,438574177,544,29,13,1,1,0,2
60,439885890,336,0,0,1,0,1,2
60,437786658,604,0,0,1,0,0,2
60,437786657,604,2,2,2,1,0,2
60,439885889,336,22,6,1,1,0,2
60,438575202,528,0,0,3,0,1,2
60,438575201,530,2,2,1,1,0,2
60,420017282,274,1,0,1,0,0,1
60,420017281,272,1,0,2,1,0,1
60,411628818,133,0,0,2,0,0,1
60,411628817,133,0,0,1,1,0,1
61,437527570,105,0,0,1,0,1,2
61,439621670,747,0,0,1,0,0,2
61,437527569,102,20,4,1,1,0,2
61,439621669,749,23,7,1,1,0,2
61,437528594,129,0,0,1,0,1,2
61,437528593,127,0,0,1,1,0,2
61,420013270,850,0,0,1,0,0,1
61,420013269,848,0,0,1,1,0,1
61,411362366,1002,1,0,1,0,0,1
61,411362365,1002,1,0,1,1,0,1
61,419742898,107,0,0,1,0,0,1
61,419742897,105,0,0,1,1,0,1
61,411362370,932,1,0,1,0,0,1
61,411362369,930,1,0,2,1,0,1
61,438836302,836,0,0,2,0,1,2
61,438836301,834,10,10,2,1,0,2
61,420017378,279,1,0,1,0,0,1
61,420017377,277,1,0,2,1,0,1
61,441199625,327,1,0,2,1,0,1
61,437786682,878,0,0,3,0,1,2
61,439886958,281,0,0,1,0,1,2
61,439886957,280,1,1,1,1,0,2
61,419747006,806,1,0,1,0,0,1
61,419747005,805,1,0,1,1,0,1
61,438575130,368,0,0,2,0,0,2
61,441199630,685,0,0,2,0,0,1
61,441199629,686,0,0,1,1,0,1
61,437786681,883,17,1,1,1,0,2
61,438575129,368,20,4,2,1,0,2
61,441225310,536,1,0,2,0,0,1
61,441225309,535,1,0,1,1,0,1
62,420762734,483,0,0,2,0,1,2
62,411571222,812,0,0,1,0,1,2
62,411571221,813,14,14,1,1,0,2
62,420762733,484,23,7,1,1,0,2
62,419697726,708,0,0,4,0,1,2
62,419697725,707,18,2,2,1,0,2
62,419697725,672,19,3,3,1,0,2
62,420492386,405,0,0,1,0,0,2
62,420492385,405,22,6,1,1,0,2
62,419963978,300,0,0,1,0,1,2
62,412390422,799,1,0,1,0,0,1
62,419963977,300,18,2,1,1,0,2
62,412369954,91,0,0,1,0,1,2
62,420222038,611,0,0,1,0,1,2
62,420222037,611,10,10,1,1,0,2
62,412369953,91,18,2,2,1,0,2
62,437792826,636,0,0,1,0,1,2
62,437792825,637,27,11,1,1,0,2
62,412099614,830,0,0,1,0,1,2
62,412099613,831,18,2,1,1,0,2
63,443327518,192,0,0,2,0,0,1
63,443327517,194,0,0,2,1,0,1
63,439093286,897,0,0,1,0,0,2
63,442270754,1014,0,0,1,0,0,1
63,439092266,948,0,0,1,0,1,2
63,439092265,946,9,9,1,1,0,2
63,439093290,53,0,0,2,0,0,2
63,439093289,52,1,1,2,1,0,2
63,439093289,55,1,1,1,1,0,2
63,440142902,958,0,0,2,0,0,2
63,442269730,39,0,0,1,0,0,1
63,442269729,39,0,0,1,1,0,1
63,440141878,60,0,0,1,0,1,2
63,437530666,420,0,0,1,0,1,2
63,441215014,779,0,0,2,0,0,1
63,441215013,779,0,0,2,1,0,1
63,440141877,58,31,15,1,1,0,2
63,438052870,423,0,0,2,0,0,2
63,438052869,423,14,14,1,1,0,2
63,440160266,495,0,0,2,0,0,2
63,440160265,496,5,5,1,1,0,2
63,437530665,420,31,15,1,1,0,2
63,440141882,909,0,0,1,0,1,2
63,438043674,630,0,0,2,0,1,2
63,442241094,177,0,0,1,0,0,1
63,442241093,176,0,0,1,1,0,1
63,438043673,629,27,11,1,1,0,2
63,443290698,945,0,0,1,0,0,1
63,443290697,944,0,0,1,1,0,1
63,439105546,725,0,0,2,0,0,2
63,439105545,725,4,4,1,1,0,2
63,441191490,463,0,0,1,0,0,1
63,441191489,462,0,0,1,1,0,1
64,412365857,930,5,5,1,1,0,2
64,412095510,262,0,0,1,0,0,2
64,412095509,261,24,8,1,1,0,2
64,420484170,121,0,0,1,0,1,2
64,420484169,121,26,10,1,1,0,2
64,420484174,72,0,0,1,0,1,2
64,412361750,241,0,0,1,0,1,2
64,412361749,241,5,5,1,1,0,2
64,412361749,241,6,6,1,1,0,2
64,420484173,73,26,10,1,1,0,2
64,420750410,76,0,0,1,0,1,2
64,420750409,76,7,7,1,1,0,2
65,411571222,828,0,0,1,0,1,2
65,411571221,828,13,13,1,1,0,2
65,419959874,614,0,0,1,0,1,2
65,419959874,627,0,0,1,0,0,2
65,419959873,614,14,14,1,1,0,2
65,420754534,730,0,0,1,0,1,2
65,420754533,729,2,2,1,1,0,2
65,412369954,356,0,0,2,0,1,2
65,412369953,356,26,10,1,1,0,2
65,420758630,721,0,0,2,0,0,2
65,420758629,720,29,13,1,1,0,2
65,412099614,705,0,0,1,0,1,2
65,412099613,705,22,6,1,1,0,2
65,420488282,402,0,0,1,0,1,2
65,420488281,401,24,8,1,1,0,2
66,439109670,578,0,0,2,0,1,2
66,437528594,766,0,0,3,0,1,2
66,439109669,579,21,5,2,1,0,2
66,437528593,768,27,11,2,1,0,2
66,443300886,836,0,0,1,0,0,1
66,443300885,834,0,0,1,1,0,1
66,440165430,489,0,0,2,0,1,2
66,438578198,619,0,0,1,0,1,2
66,438578197,618,12,12,1,1,0,2
66,442278982,188,1,0,2,0,0,1
66,442278981,190,1,0,2,1,0,1
66,438054934,46,0,0,1,0,1,2
66,440165429,490,26,10,2,1,0,2
66,438054933,42,28,12,1,1,0,2
66,439626782,19,0,0,1,0,1,2
66,439626781,16,10,10,1,1,0,2
66,442249242,357,0,0,1,0,0,1
66,442249241,355,0,0,1,1,0,1
66,438054938,929,0,0,1,0,0,2
66,441222210,665,1,0,2,0,0,1
66,441222209,667,1,0,2,1,0,1
66,439626786,27,0,0,2,0,1,2
66,439626785,28,10,10,1,1,0,2
66,438055962,90,0,0,2,0,0,2
66,438055961,95,8,8,1,1,0,2
66,443337806,520,0,0,2,0,0,1
66,443337805,522,0,0,2,1,0,1
66,441198622,294,1,0,1,0,0,1
66,441198621,293,1,0,1,1,0,1
67,439878686,537,0,0,1,0,0,2
67,437781522,849,0,0,2,0,1,2
67,439878685,538,25,9,2,1,0,2
67,437781521,853,16,0,1,1,0,2
67,443297878,982,0,0,2,0,0,1
67,443297877,982,0,0,4,1,0,1
67,439626858,321,0,0,1,0,0,2
67,439626857,320,9,9,1,1,0,2
67,437529654,296,0,0,1,0,1,2
67,437529653,297,15,15,1,1,0,2
67,438578250,165,0,0,4,0,1,2
67,438046750,786,0,0,2,0,0,2
67,438578249,165,21,5,1,1,0,2
67,441223198,770,1,0,1,0,0,1
67,441223197,768,1,0,1,1,0,1
67,438046749,791,28,12,1,1,0,2
67,438830102,351,0,0,2,0,1,2
67,438830101,353,14,14,1,1,0,2
67,442280986,681,0,0,2,0,0,1
67,442280985,679,0,0,1,1,0,1
67,441197642,779,0,0,5,0,0,1
67,441197642,787,0,0,2,0,0,1
67,441197642,797,0,0,5,0,0,1
67,441197642,808,0,0,2,0,0,1
67,441197641,811,0,0,2,1,0,1
67,438831125,355,11,11,2,1,0,2
67,442247246,890,1,0,1,0,0,1
67,442247245,891,1,0,2,1,0,1
67,443340818,67,0,0,1,0,0,1
67,443340817,63,0,0,1,1,0,1
67,443298902,41,0,0,2,0,0,1
67,443298901,45,0,0,2,1,0,1
68,442290181,826,0,0,1,1,0,1
68,419697678,491,0,0,1,0,1,2
68,412103766,385,0,0,2,0,1,2
68,419697677,491,19,3,2,1,0,2
68,412103765,386,30,14,1,1,0,2
68,420221970,502,0,0,1,0,1,2
68,420221969,498,11,11,1,1,0,2
68,420221969,502,12,12,2,1,0,2
68,420492306,116,0,0,2,0,1,2
68,411309110,615,0,0,2,0,1,2
68,411571254,655,0,0,1,0,1,2
68,411571253,655,0,0,2,1,0,2
68,420492305,116,22,6,1,1,0,2
68,411309109,616,30,14,1,1,0,2
68,419963922,875,0,0,1,0,1,2
68,419963918,877,0,0,1,0,0,2
68,412374114,932,0,0,1,0,0,2
68,419963921,876,20,4,1,1,0,2
68,419963917,876,19,3,1,1,0,2
68,412374113,932,30,14,1,1,0,2
68,412374113,932,31,15,1,1,0,2
68,411833418,239,0,0,1,0,1,2
68,411575362,678,0,0,1,0,1,2
68,437792781,291,31,15,1,1,0,2
68,411833417,239,20,4,2,1,0,2
68,411575361,677,27,11,1,1,0,2
68,439878662,912,0,0,1,0,0,2
68,412099658,169,0,0,1,0,1,2
68,412099657,170,0,0,1,1,0,2
68,420762646,367,0,0,1,0,1,2
68,420762645,368,20,4,1,1,0,2
68,412370006,405,0,0,2,0,1,2
68,412370005,406,1,1,1,1,0,2
69,420750374,456,0,0,2,0,1,2
69,420750373,456,20,4,1,1,0,2
69,412357726,219,0,0,1,0,1,2
69,412357725,219,11,11,1,1,0,2
70,411571234,234,0,0,3,0,1,2
70,411571234,261,0,0,1,0,0,2
70,420754546,261,0,0,1,0,1,2
70,420754545,261,10,10,1,1,0,2
70,411571233,262,17,1,1,1,0,2
70,411571233,223,20,4,2,1,0,2
70,419959882,517,0,0,1,0,1,2
70,412365878,573,0,0,1,0,1,2
70,412365877,574,11,11,1,1,0,2
70,419959881,517,18,2,1,1,0,2
70,412095534,872,0,0,1,0,1,2
70,412095533,873,5,5,1,1,0,2
70,420484198,342,0,0,1,0,0,2
70,420484197,341,2,2,3,1,0,2
70,412095538,921,0,0,1,0,1,2
70,412095537,921,4,4,1,1,0,2
70,420488294,347,0,0,1,0,1,2
70,420488293,348,29,13,1,1,0,2
70,412099629,864,31,15,1,1,0,2
70,412099634,918,0,0,2,0,0,2
70,412099633,918,31,15,1,1,0,2
71,438838374,350,0,0,1,0,1,2
71,419738826,737,1,0,1,0,0,1
71,419738825,735,1,0,2,1,0,1
71,441208838,480,0,0,3,0,0,1
71,441208837,484,0,0,2,1,0,1
71,439889038,551,0,0,1,0,0,2
71,439889037,549,6,6,2,1,0,2
71,420263178,729,0,0,8,0,0,1
71,420263178,803,0,0,2,0,0,1
71,420263177,734,0,0,3,1,0,1
71,420263177,801,0,0,2,1,0,1
71,411354210,516,1,0,2,0,0,1
71,411354209,514,1,0,2,1,0,1
71,438573102,532,0,0,2,0,1,2
71,438573101,534,29,13,1,1,0,2
71,420005098,831,0,0,2,0,0,1
71,420005097,829,0,0,2,1,0,1
71,411878518,961,0,0,1,0,0,1
71,411878517,959,0,0,1,1,0,1
71,438574126,556,0,0,1,0,0,2
71,438574125,557,3,3,1,1,0,2
71,439619646,80,0,0,1,0,1,2
71,438837350,328,0,0,1,0,1,2
71,439619645,80,19,3,1,1,0,2
71,411620454,796,0,0,1,0,0,1
71,411620453,794,0,0,2,1,0,1
71,438837349,327,30,14,1,1,0,2
71,437787718,712,0,0,1,0,1,2
71,437526562,556,0,0,1,0,1,2
71,437787717,709,23,7,1,1,0,2
71,437526561,558,16,0,1,1,0,2
72,411612190,348,0,0,1,0,0,1
72,411612189,349,0,0,1,1,0,1
72,419726430,875,0,0,1,0,1,2
72,419726429,876,10,10,1,1,0,2
72,420000890,362,1,0,1,0,0,1
72,420000889,363,1,0,2,1,0,1
72,419726434,947,0,0,1,0,1,2
72,419726433,951,14,14,1,1,0,2
72,439617558,379,0,0,1,0,1,2
72,439617557,377,20,4,1,1,0,2
72,438839362,843,0,0,2,0,1,2
72,438839361,847,13,13,1,1,0,2
72,420254850,374,0,0,1,0,0,1
72,420254850,378,0,0,1,0,0,1
72,420254849,379,0,0,2,1,0,1
72,438572046,774,0,0,1,0,0,2
72,438572045,771,14,14,1,1,0,2
72,411866142,861,1,0,2,0,0,1
72,411866141,872,1,0,2,1,0,1
72,411866141,891,1,0,5,1,0,1
72,411616290,629,1,0,1,0,0,1
72,411616289,630,1,0,1,1,0,1
72,420525210,23,0,0,1,0,0,1
72,420525209,25,0,0,1,1,0,1
72,411345946,737,0,0,1,0,1,2
72,411345945,739,6,6,1,1,0,2
72,412140590,146,0,0,2,0,0,1
72,412140589,148,0,0,1,1,0,1
72,437523466,144,0,0,7,0,1,2
72,411870246,157,0,0,1,0,0,1
72,411870245,159,0,0,1,1,0,1
72,437524490,154,0,0,1,0,1,2
72,437524489,145,18,2,1,1,0,2
72,437788718,514,0,0,1,0,1,2
72,437788717,514,27,11,1,1,0,2
72,437525514,168,0,0,1,0,0,2
72,437525513,165,12,12,1,1,0,2
73,437528590,819,0,0,1,0,1,2
73,438577174,173,0,0,2,0,0,2
73,437781554,271,0,0,1,0,0,2
73,437528589,816,16,0,1,1,0,2
73,438577173,174,16,0,2,1,0,2
73,438833226,942,0,0,3,0,1,2
73,443336794,729,1,0,2,0,0,1
73,443336793,731,1,0,2,1,0,1
73,437781553,269,25,9,1,1,0,2
73,437782578,254,0,0,2,0,0,2
73,437782577,253,2,2,1,1,0,2
73,438833222,842,0,0,1,0,1,2
73,439879778,815,0,0,2,0,0,2
73,438833221,840,27,11,1,1,0,2
73,439879777,815,26,10,1,1,0,2
73,442248210,535,1,0,2,0,0,1
73,442248209,534,1,0,1,1,0,1
73,438834246,785,0,0,6,0,1,2
73,438834246,797,0,0,3,0,1,2
73,438834246,802,0,0,5,0,0,2
73,443299850,638,1,0,1,0,0,1
73,443299849,636,1,0,2,1,0,1
73,438834245,824,24,8,4,1,0,2
73,441197594,615,0,0,2,0,0,1
73,441197593,614,0,0,2,1,0,1
73,442277970,832,1,0,2,0,0,1
73,442277969,834,1,0,2,1,0,1
73,439624734,623,0,0,1,0,0,2
73,439624733,623,28,12,1,1,0,2
73,443329626,669,0,0,1,0,0,1
73,441221194,440,1,0,2,0,0,1
73,441221193,441,1,0,2,1,0,1
73,438831174,880,0,0,1,0,1,2
73,438831173,879,7,7,1,1,0,2
74,437788694,920,0,0,1,0,1,2
74,437788693,917,10,10,1,1,0,2
74,438570066,78,0,0,1,0,1,2
74,438570065,76,10,10,2,1,0,2
74,437788697,948,10,10,3,1,0,2
74,438838306,724,0,0,2,0,0,2
74,420000830,623,1,0,1,0,0,1
74,420000829,622,1,0,2,1,0,1
74,438838305,725,29,13,1,1,0,2
74,419726386,734,0,0,2,0,1,2
74,419726385,734,13,13,2,1,0,2
74,420525138,612,1,0,1,0,0,1
74,420525137,611,1,0,1,1,0,1
74,411333746,427,0,0,1,0,1,2
74,411333745,426,3,3,2,1,0,2
74,438839330,738,0,0,1,0,1,2
74,438839329,738,2,2,2,1,0,2
74,420254786,163,0,0,1,0,0,1
74,420254785,162,0,0,1,1,0,1
74,411866286,692,1,0,1,0,0,1
74,411866285,691,1,0,1,1,0,1
74,411608202,374,0,0,1,0,1,2
74,411608201,374,19,3,1,1,0,2
74,437523514,194,0,0,1,0,0,2
74,437523513,192,5,5,2,1,0,2
74,412402922,385,0,0,1,0,0,1
74,412402921,384,0,0,1,1,0,1
74,412132550,683,0,0,1,0,0,1
74,412132549,682,0,0,1,1,0,1
74,437787674,915,0,0,1,0,1,2
74,437787673,917,30,14,2,1,0,2
75,419959858,67,0,0,1,0,1,2
75,419959857,66,9,9,1,1,0,2
75,411571214,209,0,0,1,0,1,2
75,411571213,208,7,7,1,1,0,2
75,419959862,34,0,0,1,0,1,2
75,419959861,36,8,8,1,1,0,2
75,411833362,790,0,0,1,0,1,2
75,411833362,797,0,0,4,0,0,2
75,411833361,789,29,13,1,1,0,2
75,420222022,664,0,0,1,0,1,2
75,420222021,664,30,14,1,1,0,2
75,411833357,919,31,15,2,1,0,2
75,412095502,888,0,0,3,0,1,2
75,412099602,819,0,0,1,0,1,2
75,412099601,819,12,12,1,1,0,2
75,420488262,669,0,0,4,0,1,2
75,420488261,663,12,12,2,1,0,2
75,420488261,670,12,12,1,1,0,2
75,412369938,380,0,0,2,0,0,2
75,412369937,381,14,14,1,1,0,2
75,420750405,661,8,8,2,1,0,2
75,420750405,689,10,10,3,1,0,2
75,420758610,883,0,0,2,0,1,2
75,420758609,884,18,2,1,1,0,2
76,439099426,395,0,0,2,0,0,2
76,439099425,394,1,1,1,1,0,2
76,440152106,132,0,0,2,0,1,2
76,440152105,130,26,10,1,1,0,2
76,443340842,345,1,0,2,0,0,1
76,443340841,354,1,0,2,1,0,1
76,443312190,578,0,0,1,0,0,1
76,443312189,569,0,0,1,1,0,1
76,439111698,349,0,0,2,0,0,2
76,442257466,570,1,0,1,0,0,1
76,442257465,563,1,0,1,1,0,1
76,439111697,352,26,10,1,1,0,2
76,438047766,50,0,0,1,0,1,2
76,438047765,43,19,3,1,1,0,2
76,438056974,451,0,0,2,0,0,2
76,438056973,453,12,12,1,1,0,2
76,438048790,874,0,0,2,0,1,2
76,438048789,877,16,0,2,1,0,2
76,440167450,892,0,0,2,0,0,2
76,440167449,894,5,5,1,1,0,2
76,441204794,934,0,0,2,0,0,1
76,441204793,931,0,0,1,1,0,1
76,442282030,277,0,0,2,0,0,1
76,442282029,284,0,0,2,1,0,1
76,441225262,325,1,0,1,0,0,1
76,441225261,330,1,0,2,1,0,1
77,411870326,127,0,0,2,0,0,1
77,411870325,126,0,0,1,1,0,1
77,437788746,690,0,0,4,0,0,2
77,437788745,700,10,10,2,1,0,2
77,439617606,457,0,0,2,0,0,2
77,439617605,458,6,6,1,1,0,2
77,438571058,360,0,0,1,0,1,2
77,438571057,360,25,9,1,1,0,2
77,437789770,704,0,0,2,0,0,2
77,437789769,684,10,10,1,1,0,2
77,437789769,702,10,10,2,1,0,2
77,411612254,952,0,0,2,0,0,1
77,411612253,952,0,0,1,1,0,1
77,420263177,165,1,0,1,1,0,1
77,439889042,157,0,0,1,0,1,2
77,439889041,157,17,1,1,1,0,2
77,420005098,89,1,0,2,0,0,1
77,420005097,88,1,0,1,1,0,1
77,420005102,752,0,0,1,0,0,1
77,420005102,50,1,0,1,0,0,1
77,420005101,50,1,0,1,1,0,1
77,411346002,484,0,0,2,0,1,2
77,411616366,486,1,0,1,0,0,1
77,411616365,485,1,0,1,1,0,1
77,411346001,484,16,0,1,1,0,2
77,419734702,423,0,0,1,0,1,2
77,419734701,422,5,5,1,1,0,2
77,437522474,312,0,0,2,0,1,2
77,420529450,199,0,0,1,0,0,1
77,420529449,198,0,0,1,1,0,1
77,420259066,45,0,0,1,0,0,1
77,420259065,44,0,0,1,1,0,1
77,437524518,117,0,0,1,0,1,2
77,437524517,120,9,9,1,1,0,2
77,438837350,880,0,0,1,0,1,2
77,420259070,9,0,0,1,0,0,1
77,420259069,8,0,0,2,1,0,1
77,412140682,858,0,0,1,0,0,1
77,412140681,857,0,0,1,1,0,1
77,438837349,877,27,11,1,1,0,2
77,438837354,952,0,0,1,0,1,2
77,438837353,954,27,11,1,1,0,2
77,437787722,709,0,0,2,0,1,2
77,437787721,694,9,9,2,1,0,2
77,437787721,711,9,9,1,1,0,2
78,420746270,278,0,0,1,0,1,2
78,420746269,278,14,14,1,1,0,2
78,412357714,718,0,0,1,0,1,2
78,412357713,717,7,7,1,1,0,2
79,411571234,327,0,0,2,0,0,2
79,411571233,328,8,8,1,1,0,2
79,420754546,100,0,0,1,0,1,2
79,420754545,99,7,7,2,1,0,2
79,412365878,356,0,0,3,0,1,2
79,419959882,468,0,0,1,0,1,2
79,419959881,468,18,2,1,1,0,2
79,412099630,733,0,0,1,0,1,2
79,412099629,733,20,4,2,1,0,2
79,420488294,455,0,0,1,0,1,2
79,412369974,364,0,0,1,0,0,2
79,420488293,455,26,10,1,1,0,2
79,412369973,355,25,9,2,1,0,2
79,412369973,364,25,9,1,1,0,2
80,440140830,218,0,0,1,0,1,2
80,440140829,218,2,2,1,1,0,2
80,439105562,601,0,0,1,0,0,2
80,439105561,599,4,4,2,1,0,2
80,443328566,475,0,0,1,0,0,1
80,443328565,472,0,0,2,1,0,1
80,441216050,1013,1,0,2,0,0,1
80,441216049,1013,1,0,1,1,0,1
80,438043662,699,0,0,2,0,0,2
80,438043661,702,10,10,1,1,0,2
80,441189426,286,0,0,2,0,0,1
80,441189425,287,0,0,2,1,0,1
80,441215026,46,1,0,1,0,0,1
80,441215025,43,1,0,1,1,0,1
80,443286578,686,0,0,2,0,0,1
80,443286577,689,0,0,2,1,0,1
80,438052878,557,0,0,1,0,1,2
80,441216054,2,0,0,1,0,0,1
80,441216054,7,0,0,2,0,0,1
80,441216053,2,0,0,1,1,0,1
80,442270774,554,0,0,1,0,0,1
80,442270773,552,0,0,1,1,0,1
80,442238002,398,0,0,2,0,0,1
80,442238001,401,0,0,1,1,0,1
80,438052877,557,28,12,1,1,0,2
80,439092246,675,0,0,2,0,0,2
80,439092245,677,6,6,1,1,0,2
80,440160290,488,0,0,1,0,1,2
80,440160289,487,10,10,1,1,0,2
81,411329666,253,0,0,1,0,1,2
81,411329665,253,24,8,1,1,0,2
81,411329665,253,25,9,1,1,0,2
81,419988566,455,0,0,2,0,1,2
81,411600034,374,0,0,1,0,1,2
81,419988565,455,23,7,1,1,0,2
81,411600033,373,23,7,1,1,0,2
81,420250734,683,1,0,2,0,0,1
81,420250733,682,1,0,1,1,0,1
81,437789738,815,0,0,1,0,1,2
81,420787346,709,1,0,1,0,0,1
81,420787345,702,1,0,1,1,0,1
81,420787345,708,1,0,1,1,0,1
81,411862226,580,1,0,1,0,0,1
81,411862225,578,1,0,1,1,0,1
81,437789737,816,19,3,2,1,0,2
81,412398862,853,1,0,1,0,0,1
81,412398861,852,1,0,1,1,0,1
81,420516982,896,0,0,1,0,0,1
81,437522506,105,0,0,1,0,0,2
81,437522505,104,12,12,1,1,0,2
81,420516981,895,1,0,1,1,0,1
81,412128482,774,0,0,1,0,0,1
81,412128481,773,0,0,1,1,0,1
81,412128481,773,1,0,1,1,0,1
81,438840378,726,0,0,1,0,1,2
81,438840377,727,24,8,1,1,0,2
81,438569066,176,0,0,1,0,0,2
81,438569065,176,8,8,1,1,0,2
81,419718214,324,0,0,1,0,0,2
81,419718213,324,25,9,1,1,0,2
82,420250746,187,0,0,2,0,0,1
82,420250745,184,0,0,1,1,0,1
82,411599878,718,0,0,1,0,1,2
82,411599877,716,0,0,2,1,0,2
82,411862022,746,0,0,1,0,0,1
82,411862021,743,0,0,1,1,0,1
82,412124166,717,0,0,2,0,0,1
82,412124165,708,0,0,2,1,0,1
82,412386310,705,0,0,2,0,0,1
82,412386309,702,0,0,2,1,0,1
82,437788714,91,0,0,1,0,1,2
82,412398598,73,0,0,1,0,0,1
82,412398597,70,0,0,2,1,0,1
82,420787362,47,0,0,1,0,0,1
82,420787361,45,0,0,1,1,0,1
82,437788713,88,30,14,1,1,0,2
82,419705914,426,0,0,2,0,0,2
82,419705913,440,6,6,1,1,0,2
82,419968058,442,0,0,1,0,1,2
82,419968057,427,5,5,1,1,0,2
82,419968057,427,6,6,1,1,0,2
82,438840382,571,0,0,1,0,0,2
82,438840382,641,0,0,2,0,0,2
82,438840381,569,4,4,1,1,0,2
82,437789738,6,0,0,1,0,1,2
82,437789737,2,5,5,2,1,0,2
82,438840381,600,26,10,2,1,0,2
82,411603974,731,0,0,2,0,0,2
82,419992670,729,0,0,2,0,0,2
82,411603973,730,26,10,1,1,0,2
82,419992669,726,19,3,2,1,0,2
82,437522438,562,0,0,1,0,1,2
82,437522437,562,23,7,1,1,0,2
82,438567942,660,0,0,3,0,1,2
82,412128262,459,0,0,1,0,0,1
82,412128261,457,0,0,1,1,0,1
82,438567941,666,24,8,1,1,0,2
82,438568966,666,0,0,1,0,1,2
82,438568966,677,0,0,1,0,1,2
82,437788718,51,0,0,2,0,0,2
82,438568965,677,22,6,2,1,0,2
82,437788717,53,31,15,1,1,0,2
82,420521114,839,1,0,2,0,0,1
82,420521113,838,1,0,1,1,0,1
82,412132358,551,1,0,2,0,0,1
82,412132357,550,1,0,1,1,0,1
82,411329542,705,0,0,1,0,1,2
82,411329541,704,5,5,1,1,0,2
82,411329541,704,6,6,1,1,0,2
82,419722326,360,0,0,1,0,1,2
82,437789742,13,0,0,3,0,1,2
82,437789742,22,0,0,2,0,1,2
82,437789741,14,6,6,1,1,0,2
82,419722325,358,25,9,1,1,0,2
83,420496474,83,0,0,1,0,1,2
83,420496473,83,2,2,1,1,0,2
83,437519378,465,0,0,1,0,0,2
83,412107806,336,0,0,1,0,0,2
83,412107805,336,3,3,1,1,0,2
83,437519377,465,24,8,1,1,0,2
83,419701830,479,0,0,1,0,1,2
83,419701829,479,21,5,1,1,0,2
83,419701829,489,28,12,2,1,0,2
83,411313174,631,0,0,1,0,1,2
83,411313173,631,25,9,2,1,0,2
83,420500582,606,0,0,1,0,1,2
83,420500581,606,28,12,1,1,0,2
83,411579414,669,0,0,1,0,1,2
83,411579413,669,16,0,2,1,0,2
83,419968070,464,0,0,1,0,1,2
83,419968069,464,12,12,1,1,0,2
83,420770938,1,0,0,2,0,1,2
83,411837466,455,0,0,1,0,1,2
83,411837465,456,0,0,1,1,0,2
83,412111906,785,0,0,1,0,1,2
83,420770937,0,21,5,1,1,0,2
83,412111905,785,31,15,1,1,0,2
83,420770942,103,0,0,1,0,1,2
83,420770941,104,18,2,1,1,0,2
83,437792822,370,0,0,1,0,1,2
83,437792821,370,7,7,1,1,0,2
83,411841566,331,0,0,1,0,1,2
83,411841565,331,31,15,1,1,0,2
83,420226130,752,0,0,1,0,1,2
83,420226129,753,0,0,1,1,0,2
83,420226129,752,1,1,2,1,0,2
83,412382246,728,0,0,1,0,1,2
83,412382245,729,22,6,1,1,0,2
83,420230234,115,0,0,1,0,1,2
83,420230233,115,29,13,1,1,0,2
83,420230238,19,0,0,1,0,0,2
83,420230237,20,28,12,1,1,0,2
84,419697722,474,0,0,2,0,1,2
84,419697721,455,6,6,3,1,0,2
84,419959866,393,0,0,3,0,0,2
84,419959865,430,13,13,3,1,0,2
84,420783278,635,1,0,1,0,0,1
84,420783277,636,1,0,1,1,0,1
84,411849758,606,0,0,4,0,0,2
84,412124202,300,0,0,2,0,0,1
84,412124201,302,0,0,1,1,0,1
84,411849757,579,30,14,1,1,0,2
84,419980378,511,0,0,1,0,1,2
84,437790774,129,0,0,2,0,0,2
84,437790774,168,0,0,2,0,0,2
84,437790773,150,4,4,1,1,0,2
84,437790773,131,6,6,1,1,0,2
84,420512910,733,0,0,1,0,0,1
84,420512909,733,0,0,2,1,0,1
84,412111902,627,0,0,1,0,0,2
84,412111902,638,0,0,1,0,1,2
84,412111901,636,26,10,3,1,0,2
84,437791798,268,0,0,4,0,1,2
84,437791797,225,1,1,3,1,0,2
84,437521426,707,0,0,1,0,1,2
84,437521425,708,30,14,1,1,0,2
84,420246650,512,0,0,2,0,1,2
84,420246649,513,23,7,1,1,0,2
84,411595806,585,0,0,1,0,1,2
84,437522450,683,0,0,1,0,1,2
84,437522449,684,3,3,1,1,0,2
84,419984486,183,0,0,1,0,1,2
84,437792822,244,0,0,3,0,0,2
84,437792821,201,2,2,3,1,0,2
84,411595805,586,22,6,1,1,0,2
84,419984485,185,23,7,1,1,0,2
84,411325466,186,0,0,1,0,0,2
84,438567958,707,0,0,1,0,1,2
84,438567958,728,0,0,4,0,1,2
84,438567958,745,0,0,6,0,0,2
84,438841418,492,0,0,2,0,0,2
84,438841417,493,13,13,1,1,0,2
84,412394550,116,1,0,1,0,0,1
84,412394549,116,1,0,1,1,0,1
84,411325465,187,18,2,1,1,0,2
84,438567957,706,18,2,1,1,0,2
84,411857958,189,0,0,1,0,1,2
84,419714138,475,0,0,1,0,1,2
84,411857957,189,20,4,1,1,0,2
84,419714137,476,23,7,1,1,0,2
85,411587618,23,0,0,1,0,1,2
85,411849770,700,0,0,1,0,1,2
85,420238442,564,0,0,1,0,1,2
85,420238441,566,6,6,1,1,0,2
85,412386362,133,0,0,1,0,0,1
85,412386361,136,0,0,1,1,0,1
85,411587617,26,28,12,1,1,0,2
85,420512918,470,1,0,1,0,0,1
85,420512917,472,1,0,1,1,0,1
85,411587622,138,0,0,1,0,1,2
85,411587621,138,29,13,1,1,0,2
85,437790774,876,0,0,1,0,1,2
85,420242550,262,0,0,1,0,1,2
85,437790773,875,17,1,2,1,0,2
85,419980382,665,0,0,1,0,1,2
85,420779166,898,1,0,1,0,0,1
85,420779165,900,1,0,1,1,0,1
85,419980381,666,27,11,1,1,0,2
85,411317274,54,0,0,2,0,1,2
85,437520406,400,0,0,1,0,1,2
85,411317273,57,18,2,1,1,0,2
85,437520405,399,19,3,1,1,0,2
85,411317278,16,0,0,1,0,1,2
85,419710034,80,0,0,2,0,1,2
85,412120114,465,0,0,1,0,1,2
85,411317277,16,20,4,1,1,0,2
85,419710033,81,21,5,1,1,0,2
85,412120113,467,21,5,1,1,0,2
85,419710038,7,0,0,1,0,1,2
85,419710037,10,19,3,1,1,0,2
85,411583522,873,0,0,1,0,1,2
85,411583521,873,1,1,1,1,0,2
85,411845670,191,0,0,2,0,1,2
85,411845669,192,7,7,2,1,0,2
86,411587694,272,0,0,1,0,1,2
86,412107886,334,0,0,2,0,1,2
86,420238382,158,0,0,2,0,1,2
86,411587693,272,29,13,1,1,0,2
86,420774974,225,0,0,2,0,0,1
86,420774973,228,0,0,1,1,0,1
86,420238381,161,31,15,1,1,0,2
86,412386482,721,0,0,2,0,0,1
86,412386481,723,0,0,1,1,0,1
86,419976234,773,0,0,1,0,1,2
86,437520446,624,0,0,1,0,1,2
86,419976233,775,25,9,1,1,0,2
86,437520445,622,21,5,1,1,0,2
86,411317330,373,0,0,1,0,0,2
86,411317329,374,15,15,2,1,0,2
86,437790746,661,0,0,1,0,1,2
86,437790745,662,31,15,1,1,0,2
86,411583582,905,0,0,1,0,1,2
86,411583581,907,4,4,1,1,0,2
86,419705886,851,0,0,1,0,1,2
86,419705885,851,13,13,1,1,0,2
86,437791770,717,0,0,2,0,0,2
86,437791769,719,4,4,1,1,0,2
86,419972130,34,0,0,1,0,1,2
86,419972129,34,0,0,2,1,0,2
86,412120214,406,0,0,1,0,1,2
86,412120213,407,28,12,1,1,0,2
86,420508726,232,0,0,1,0,1,2
86,420508725,234,22,6,1,1,0,2
86,411845742,331,0,0,2,0,1,2
86,411845741,333,9,9,1,1,0,2
86,420234282,933,0,0,1,0,1,2
86,420234281,936,6,6,1,1,0,2
87,411571278,735,0,0,2,0,1,2
87,411571277,737,17,1,1,1,0,2
87,420754486,921,0,0,1,0,1,2
87,420754485,921,2,2,1,1,0,2
87,419959846,316,0,0,1,0,1,2
87,419959845,317,11,11,1,1,0,2
87,420754490,931,0,0,1,0,1,2
87,420754489,933,4,4,1,1,0,2
87,412365950,399,0,0,1,0,1,2
87,412365949,398,7,7,3,1,0,2
87,412095598,486,0,0,1,0,0,2
87,412095597,487,0,0,1,1,0,2
87,412099694,480,0,0,1,0,0,2
87,420488242,499,0,0,2,0,0,2
87,420758582,923,0,0,1,0,0,2
87,412099693,481,27,11,1,1,0,2
87,420488241,500,23,7,1,1,0,2
87,420758581,923,29,13,1,1,0,2
87,420758586,919,0,0,1,0,0,2
87,420758585,920,30,14,2,1,0,2
88,443357190,262,1,0,1,0,0,1
88,443357189,265,1,0,2,1,0,1
88,441210958,624,0,0,2,0,0,1
88,441210957,622,0,0,2,1,0,1
88,438577250,120,0,0,2,0,0,2
88,438577249,119,7,7,2,1,0,2
88,437782562,237,0,0,1,0,1,2
88,437782561,234,11,11,2,1,0,2
88,437528646,559,0,0,1,0,1,2
88,437528645,559,10,10,1,1,0,2
88,439880774,724,0,0,2,0,0,2
88,439880773,724,13,13,1,1,0,2
88,443321438,549,0,0,2,0,0,1
88,443321437,547,0,0,1,1,0,1
88,442265686,146,0,0,1,0,0,1
88,442265685,144,0,0,1,1,0,1
88,441234454,310,1,0,2,0,0,1
88,441234453,312,1,0,2,1,0,1
88,439624842,462,0,0,1,0,0,2
88,439624841,463,11,11,1,1,0,2
88,442294286,47,1,0,2,0,0,1
88,438831154,674,0,0,2,0,0,2
88,442294290,955,0,0,2,0,0,1
88,442294289,958,0,0,2,1,0,1
88,438831153,675,17,1,1,1,0,2
89,441228342,840,0,0,1,0,0,1
89,441228341,836,0,0,1,1,0,1
89,440150046,257,0,0,2,0,0,2
89,440150045,259,8,8,1,1,0,2
89,438058002,122,0,0,2,0,0,2
89,438058001,124,3,3,2,1,0,2
89,440169506,922,0,0,1,0,1,2
89,440169505,919,11,11,1,1,0,2
89,440170530,42,0,0,1,0,0,2
89,440170529,41,12,12,2,1,0,2
89,441201714,474,0,0,1,0,0,1
89,441201713,477,0,0,1,1,0,1
89,442253362,830,0,0,1,0,0,1
89,442253361,834,0,0,2,1,0,1
89,438047758,231,0,0,2,0,1,2
89,438047757,230,15,15,2,1,0,2
89,438056974,40,0,0,1,0,1,2
89,438056973,33,31,15,1,1,0,2
89,441228338,188,1,0,1,0,0,1
89,441228337,184,1,0,1,1,0,1
89,443305010,414,0,0,2,0,0,1
89,443305009,419,0,0,1,1,0,1
89,438056978,943,0,0,1,0,1,2
89,438056977,937,2,2,1,1,0,2
89,442287158,699,0,0,1,0,0,1
89,442287157,695,0,0,1,1,0,1
89,443350070,145,0,0,1,0,0,1
89,443350069,141,0,0,1,1,0,1
89,439112730,450,0,0,1,0,0,2
89,439112729,448,7,7,2,1,0,2
89,439098390,201,0,0,1,0,1,2
89,439098389,201,12,12,1,1,0,2
90,419697674,262,0,0,2,0,1,2
90,419959818,250,0,0,1,0,1,2
90,411599970,130,0,0,1,0,0,2
90,411599969,132,26,10,1,1,0,2
90,419697673,233,23,7,2,1,0,2
90,419959817,257,24,8,1,1,0,2
90,411862146,806,1,0,1,0,0,1
90,411862145,806,1,0,1,1,0,1
90,420250646,352,1,0,1,0,0,1
90,420250646,361,1,0,1,0,0,1
90,420250645,361,1,0,2,1,0,1
90,437789706,405,0,0,2,0,0,2
90,419988498,581,0,0,1,0,1,2
90,412398758,934,1,0,1,0,0,1
90,412398757,935,1,0,1,1,0,1
90,437789705,405,19,3,1,1,0,2
90,419988497,582,28,12,1,1,0,2
90,412398762,1009,1,0,1,0,0,1
90,412398761,1009,1,0,1,1,0,1
90,420787226,574,1,0,2,0,0,1
90,420787225,575,1,0,1,1,0,1
90,437790730,294,0,0,4,0,1,2
90,437522478,653,0,0,1,0,0,2
90,437522477,652,11,11,1,1,0,2
90,437790729,332,23,7,3,1,0,2
90,412128394,379,1,0,2,0,0,1
90,412128393,380,1,0,1,1,0,1
90,437791754,270,0,0,2,0,1,2
90,437791754,270,0,0,1,0,0,2
90,438840334,260,0,0,2,0,1,2
90,420516886,572,1,0,1,0,0,1
90,420516885,572,1,0,1,1,0,1
90,437791753,288,22,6,4,1,0,2
90,438840333,262,27,11,1,1,0,2
90,411325521,833,0,0,1,1,0,2
90,437792778,379,0,0,1,0,1,2
90,437792777,347,16,0,3,1,0,2
90,411329618,838,0,0,1,0,0,2
90,438569026,491,0,0,1,0,1,2
90,438569025,490,7,7,2,1,0,2
90,412394654,548,0,0,1,0,0,1
90,420783130,881,0,0,1,0,0,1
90,411329617,838,27,11,1,1,0,2
90,419984402,892,0,0,1,0,0,2
90,419984401,893,1,1,1,1,0,2
90,419714061,687,0,0,1,1,0,2
90,419718158,688,0,0,1,0,1,2
90,419718157,688,27,11,1,1,0,2
91,439882866,449,0,0,2,0,0,2
91,439882865,448,30,14,1,1,0,2
91,437527574,182,0,0,2,0,0,2
91,437527573,186,13,13,1,1,0,2
91,441200658,819,0,0,1,0,0,1
91,441200657,821,0,0,2,1,0,1
91,437788730,208,0,0,1,0,0,2
91,437788730,279,0,0,5,0,1,2
91,437788729,352,12,12,5,1,0,2
91,441200658,818,1,0,1,0,0,1
91,419697730,803,0,0,2,0,1,2
91,419697729,794,9,9,2,1,0,2
91,419959874,757,0,0,2,0,0,2
91,419959873,754,12,12,4,1,0,2
91,442251270,578,1,0,2,0,0,1
91,442251269,581,1,0,2,1,0,1
91,439622694,366,0,0,2,0,0,2
91,439622693,367,20,4,1,1,0,2
91,437789754,435,0,0,2,0,0,2
91,437789753,405,0,0,2,1,0,2
91,439883890,471,0,0,1,0,0,2
91,439883889,469,1,1,2,1,0,2
91,442284126,936,1,0,1,0,0,1
91,442284125,933,1,0,1,1,0,1
91,438833234,578,0,0,2,0,0,2
91,438575130,60,0,0,1,0,0,2
91,419755242,169,0,0,1,0,0,1
91,419755241,166,0,0,1,1,0,1
91,438833233,578,18,2,1,1,0,2
91,438575129,59,26,10,1,1,0,2
91,419755242,301,1,0,2,0,0,1
91,419755242,309,1,0,1,0,0,1
91,437791802,368,0,0,2,0,0,2
91,437791801,387,4,4,2,1,0,2
91,411366470,300,0,0,2,0,0,1
91,411366469,298,0,0,1,1,0,1
91,441226326,662,1,0,1,0,0,1
91,441226325,660,1,0,1,1,0,1
91,437783610,586,0,0,1,0,1,2
91,437792826,354,0,0,2,0,0,2
91,437792825,379,4,4,2,1,0,2
91,437783609,586,26,10,1,1,0,2
91,437784634,588,0,0,1,0,1,2
91,437784633,588,4,4,1,1,0,2
91,437785658,286,0,0,2,0,1,2
91,437785657,332,17,1,6,1,0,2
91,437786682,337,0,0,2,0,1,2
91,437786681,343,14,14,1,1,0,2
92,412132466,73,0,0,1,0,0,1
92,412132465,73,0,0,1,1,0,1
92,411333702,20,0,0,1,0,1,2
92,437788746,741,0,0,1,0,1,2
92,437788745,742,9,9,1,1,0,2
92,411333701,17,25,9,1,1,0,2
92,411333698,91,0,0,1,0,1,2
92,411333697,92,22,6,1,1,0,2
92,412132470,28,1,0,1,0,0,1
92,412132469,27,1,0,1,1,0,1
92,419726494,430,0,0,1,0,1,2
92,419726493,429,19,3,2,1,0,2
92,438839398,871,0,0,3,0,1,2
92,438839397,870,9,9,1,1,0,2
92,411862110,843,0,0,1,0,0,1
92,411862109,843,0,0,1,1,0,1
92,420254938,24,1,0,1,0,0,1
92,420254937,23,1,0,1,1,0,1
92,411604042,332,0,0,1,0,1,2
92,411604041,331,10,10,2,1,0,2
92,420254942,55,1,0,1,0,0,1
92,420254941,54,1,0,2,1,0,1
92,420791594,324,0,0,1,0,0,1
92,420791593,323,0,0,1,1,0,1
92,437522470,62,0,0,2,0,1,2
92,437522470,55,0,0,2,0,0,2
92,437522470,59,0,0,1,0,1,2
92,437522470,64,0,0,2,0,0,2
92,419996846,349,0,0,1,0,1,2
92,419996845,348,10,10,1,1,0,2
92,437522469,71,16,0,2,1,0,2
92,437522469,87,19,3,2,1,0,2
92,437522469,62,20,4,1,1,0,2
92,420521210,149,0,0,1,0,0,1
92,420521209,148,0,0,2,1,0,1
92,438569010,416,0,0,1,0,1,2
92,438569009,416,28,12,1,1,0,2
92,437787722,720,0,0,1,0,1,2
92,412402822,975,1,0,1,0,0,1
92,412402821,975,1,0,1,1,0,1
92,437787721,721,30,14,1,1,0,2
92,412402826,979,1,0,2,0,0,1
92,412402825,978,1,0,1,1,0,1
93,439625810,113,0,0,1,0,1,2
93,439625809,116,2,2,2,1,0,2
93,438833162,593,0,0,1,0,1,2
93,438833161,592,29,13,1,1,0,2
93,441215002,974,0,0,2,0,0,1
93,441215001,979,0,0,2,1,0,1
93,438834186,574,0,0,1,0,1,2
93,443324422,975,1,0,2,0,0,1
93,443324421,980,1,0,2,1,0,1
93,438834185,582,29,13,2,1,0,2
93,437529642,482,0,0,1,0,1,2
93,437529641,483,21,5,1,1,0,2
93,442268690,283,0,0,2,0,0,1
93,442268689,287,0,0,2,1,0,1
93,442242138,148,1,0,1,0,0,1
93,442242137,142,1,0,2,1,0,1
93,437530666,468,0,0,1,0,1,2
93,437530665,469,0,0,1,1,0,2
93,437784582,810,0,0,1,0,0,2
93,441213974,965,1,0,1,0,0,1
93,441213973,967,1,0,2,1,0,1
93,443325446,78,1,0,2,0,0,1
93,443325445,84,1,0,2,1,0,1
93,437784581,804,22,6,1,1,0,2
93,437784581,804,23,7,1,1,0,2
93,441213978,41,0,0,1,0,0,1
93,438578234,390,0,0,1,0,1,2
93,438578233,391,9,9,1,1,0,2
93,437785610,29,0,0,1,0,0,2
93,441192530,366,1,0,2,0,0,1
93,441192529,362,1,0,2,1,0,1
93,439624786,52,0,0,2,0,0,2
93,439624785,56,30,14,2,1,0,2
93,439882766,369,0,0,1,0,1,2
93,439882765,367,28,12,1,1,0,2
94,441204765,508,0,0,1,1,0,1
94,443342938,830,1,0,2,0,0,1
94,443342937,838,1,0,3,1,0,1
94,439625778,477,0,0,1,0,1,2
94,439625777,473,19,3,1,1,0,2
94,439879794,490,0,0,1,0,0,2
94,441226318,38,0,0,2,0,0,1
94,441226317,44,0,0,2,1,0,1
94,437529626,718,0,0,2,0,0,2
94,437529625,719,9,9,1,1,0,2
94,438578210,296,0,0,1,0,0,2
94,438578209,293,9,9,1,1,0,2
94,439879793,493,31,15,2,1,0,2
94,437782586,251,0,0,2,0,1,2
94,437782585,251,10,10,1,1,0,2
94,442283090,503,0,0,2,0,0,1
94,442283089,495,0,0,3,1,0,1
94,442283089,500,0,0,4,1,0,1
94,442283089,508,0,0,3,1,0,1
94,442257430,941,0,0,1,0,0,1
94,442257429,934,0,0,1,1,0,1
94,439880818,436,0,0,2,0,0,2
94,439880817,440,2,2,1,1,0,2
94,441204762,517,1,0,1,0,0,1
94,441204761,513,1,0,1,1,0,1
94,438831186,292,0,0,2,0,0,2
94,438831185,294,10,10,1,1,0,2
95,419976298,115,0,0,1,0,1,2
95,419976297,113,9,9,1,1,0,2
95,411849774,562,0,0,1,0,1,2
95,411849773,562,8,8,1,1,0,2
95,437790782,505,0,0,1,0,0,2
95,420238458,724,0,0,1,0,1,2
95,420238457,724,12,12,1,1,0,2
95,420512942,349,1,0,2,0,0,1
95,420512941,349,1,0,1,1,0,1
95,412124226,752,1,0,1,0,0,1
95,412124226,755,1,0,3,0,0,1
95,412124225,750,1,0,3,1,0,1
95,411587626,514,0,0,1,0,1,2
95,411587625,513,3,3,1,1,0,2
95,437790781,505,25,9,1,1,0,2
95,419705938,553,0,0,1,0,1,2
95,419705938,567,0,0,2,0,0,2
95,419705937,553,0,0,1,1,0,2
95,419705937,564,14,14,3,1,0,2
95,420779194,336,1,0,1,0,0,1
95,420779193,335,1,0,1,1,0,1
95,411591722,518,0,0,2,0,1,2
95,412390470,285,1,0,1,0,0,1
95,412390469,284,1,0,1,1,0,1
95,411591721,518,31,15,1,1,0,2
95,419710046,620,0,0,1,0,1,2
95,419710045,619,26,10,1,1,0,2
95,437521434,581,0,0,1,0,0,2
95,437521433,581,11,11,1,1,0,2
95,411321382,317,0,0,1,0,1,2
95,411321381,316,25,9,1,1,0,2
96,438832230,267,0,0,2,0,1,2
96,438832229,269,7,7,2,1,0,2
96,443304966,204,1,0,1,0,0,1
96,439626822,219,0,0,1,0,1,2
96,439626821,217,15,15,1,1,0,2
96,442294354,53,1,0,1,0,0,1
96,443358298,570,1,0,2,0,0,1
96,443358297,572,1,0,3,1,0,1
96,443322382,798,1,0,1,0,0,1
96,443322381,794,1,0,2,1,0,1
96,442294358,956,0,0,2,0,0,1
96,442294357,958,0,0,1,1,0,1
96,437530658,13,0,0,2,0,0,2
96,437530657,9,9,9,1,1,0,2
96,441211934,397,0,0,1,0,0,1
96,441211933,395,0,0,2,1,0,1
96,441235534,67,0,0,2,0,0,1
96,441235533,70,0,0,2,1,0,1
96,437530662,66,0,0,2,0,1,2
96,437530661,68,8,8,2,1,0,2
96,438579250,323,0,0,1,0,1,2
96,438579249,321,7,7,2,1,0,2
96,437783622,815,0,0,2,0,0,2
96,437783621,814,9,9,1,1,0,2
96,439880846,902,0,0,1,0,1,2
96,439880845,905,24,8,1,1,0,2
96,442266646,56,1,0,1,0,0,1
96,442266645,55,1,0,1,1,0,1
96,442295378,1011,1,0,2,0,0,1
96,442295377,1014,1,0,2,1,0,1
97,443358242,448,1,0,1,0,0,1
97,443358241,445,1,0,2,1,0,1
97,439102502,625,0,0,2,0,0,2
97,442294310,630,0,0,1,0,0,1
97,442294309,627,0,0,2,1,0,1
97,439102501,626,28,12,2,1,0,2
97,438050842,239,0,0,2,0,1,2
97,438060042,340,0,0,2,0,0,2
97,438060041,341,7,7,2,1,0,2
97,438050841,243,17,1,1,1,0,2
97,440155190,274,0,0,2,0,1,2
97,440155189,274,2,2,1,1,0,2
97,441208894,350,1,0,2,0,0,1
97,441208893,352,1,0,1,1,0,1
97,442261570,155,1,0,2,0,0,1
97,442261569,156,1,0,2,1,0,1
97,443316294,783,1,0,1,0,0,1
97,443316293,784,1,0,3,1,0,1
97,439115790,356,0,0,1,0,1,2
97,439115789,355,9,9,1,1,0,2
97,441234474,560,0,0,2,0,0,1
97,441234473,559,0,0,1,1,0,1
97,440174606,615,0,0,1,0,1,2
97,440174605,614,22,6,2,1,0,2
98,437526602,502,0,0,1,0,1,2
98,437526601,503,17,1,2,1,0,2
98,411350218,554,0,0,1,0,0,1
98,411350217,552,0,0,1,1,0,1
98,437788710,808,0,0,1,0,1,2
98,437788709,805,7,7,1,1,0,2
98,439888974,437,0,0,1,0,0,2
98,420263058,759,1,0,2,0,0,1
98,420263057,757,1,0,1,1,0,1
98,439888973,435,22,6,1,1,0,2
98,411354342,978,1,0,1,0,0,1
98,411354341,976,1,0,1,1,0,1
98,438573162,861,0,0,1,0,0,2
98,420004990,706,1,0,1,0,0,1
98,420004989,704,1,0,1,1,0,1
98,411354346,928,1,0,1,0,0,1
98,411354345,925,1,0,1,1,0,1
98,438838326,843,0,0,1,0,0,2
98,438838325,839,13,13,1,1,0,2
98,438573161,863,28,12,1,1,0,2
98,437522506,492,0,0,2,0,0,2
98,411878690,593,1,0,1,0,0,1
98,411878689,590,1,0,1,1,0,1
98,419734622,299,0,0,2,0,1,2
98,419734621,296,6,6,1,1,0,2
98,438574186,803,0,0,2,0,0,2
98,438574185,805,3,3,2,1,0,2
98,439619730,56,0,0,1,0,1,2
98,439619729,58,12,12,2,1,0,2
98,411620598,568,1,0,1,0,0,1
98,411620597,565,1,0,2,1,0,1
99,412103794,642,0,0,1,0,0,2
99,411571270,883,0,0,1,0,0,2
99,411571269,885,1,1,1,1,0,2
99,411309125,792,31,15,1,1,0,2
99,412103793,643,28,12,1,1,0,2
99,420762674,605,0,0,1,0,0,2
99,420762673,606,20,4,1,1,0,2
99,411309130,916,0,0,1,0,1,2
99,412374142,765,0,0,1,0,0,2
99,420221994,879,0,0,1,0,1,2
99,420221993,881,12,12,1,1,0,2
99,419697694,491,0,0,3,0,1,2
99,411309129,915,31,15,1,1,0,2
99,412374141,767,30,14,1,1,0,2
99,412374141,767,31,15,1,1,0,2
99,419697693,494,19,3,1,1,0,2
99,411833442,234,0,0,1,0,1,2
99,420492334,224,0,0,1,0,1,2
99,411833441,235,20,4,1,1,0,2
99,420492333,225,19,3,1,1,0,2
99,411575382,368,0,0,1,0,0,2
99,411575381,368,28,12,1,1,0,2
99,419963938,262,0,0,1,0,1,2
99,419963937,254,18,2,2,1,0,2
99,419963937,262,18,2,1,1,0,2
99,420221990,889,0,0,1,0,1,2
99,420221989,889,11,11,1,1,0,2
99,437792794,169,0,0,1,0,1,2
99,437792793,169,29,13,1,1,0,2
99,412099682,125,0,0,1,0,1,2
99,412099681,126,0,0,1,1,0,2
100,439110686,351,0,0,1,0,0,2
100,440167462,525,0,0,1,0,1,2
100,439110685,350,30,14,1,1,0,2
100,440167461,523,17,1,2,1,0,2
100,441198654,457,0,0,1,0,0,1
100,441198653,459,0,0,2,1,0,1
100,442249278,324,0,0,2,0,0,1
100,442249277,328,0,0,1,1,0,1
100,437781522,410,0,0,2,0,1,2
100,437781521,411,2,2,2,1,0,2
100,440148018,353,0,0,2,0,0,2
100,441225270,356,0,0,1,0,0,1
100,441225269,354,0,0,1,1,0,1
100,440148017,355,25,9,2,1,0,2
100,438046750,403,0,0,2,0,0,2
100,439097386,129,0,0,1,0,0,2
100,439097385,131,8,8,2,1,0,2
100,442283058,652,1,0,1,0,0,1
100,442283057,649,1,0,1,1,0,1
100,443343922,460,1,0,1,0,0,1
100,443343921,456,1,0,1,1,0,1
100,438055962,781,0,0,2,0,0,2
100,438055961,777,12,12,1,1,0,2
100,443299902,710,1,0,2,0,0,1
100,443299901,714,1,0,2,1,0,1
